case_id,split,fault_terminal,current_level,service_years,vent_state,seed,positive_y_30s
CASE_00003,train,KM1_DC,2,0,normal,3002,0
CASE_00002,train,KM1_DC,2,0,normal,2001,0
CASE_00004,train,KM1_DC,2,0,reduced,4000,0
CASE_00006,train,KM1_DC,2,0,reduced,6002,0
CASE_00008,train,KM1_DC,2,0,forced,8001,0
CASE_00007,train,KM1_DC,2,0,forced,7000,0
CASE_00001,train,KM1_DC,2,0,normal,1000,0
CASE_00005,train,KM1_DC,2,0,reduced,5001,0
CASE_00009,train,KM1_DC,2,0,forced,9002,0
CASE_00010,train,KM1_DC,2,0,off,10000,0
CASE_00012,train,KM1_DC,2,0,off,12002,0
CASE_00013,train,KM1_DC,2,5,normal,13000,0
CASE_00011,train,KM1_DC,2,0,off,11001,0
CASE_00014,train,KM1_DC,2,5,normal,14001,0
CASE_00015,train,KM1_DC,2,5,normal,15002,0
CASE_00016,train,KM1_DC,2,5,reduced,16000,0
CASE_00017,train,KM1_DC,2,5,reduced,17001,0
CASE_00019,train,KM1_DC,2,5,forced,19000,0
CASE_00020,train,KM1_DC,2,5,forced,20001,0
CASE_00018,train,KM1_DC,2,5,reduced,18002,0
CASE_00021,train,KM1_DC,2,5,forced,21002,0
CASE_00022,train,KM1_DC,2,5,off,22000,0
CASE_00023,train,KM1_DC,2,5,off,23001,0
CASE_00024,train,KM1_DC,2,5,off,24002,0
CASE_00025,val,KM1_DC,2,10,normal,25000,0
CASE_00026,val,KM1_DC,2,10,normal,26001,0
CASE_00027,val,KM1_DC,2,10,normal,27002,0
CASE_00028,train,KM1_DC,2,10,reduced,28000,0
CASE_00029,train,KM1_DC,2,10,reduced,29001,0
CASE_00030,train,KM1_DC,2,10,reduced,30002,0
CASE_00032,train,KM1_DC,2,10,forced,32001,0
CASE_00031,train,KM1_DC,2,10,forced,31000,0
CASE_00033,train,KM1_DC,2,10,forced,33002,0
CASE_00035,train,KM1_DC,2,10,off,35001,0
CASE_00034,train,KM1_DC,2,10,off,34000,0
CASE_00037,val,KM1_DC,2,20,normal,37000,0
CASE_00036,train,KM1_DC,2,10,off,36002,0
CASE_00038,val,KM1_DC,2,20,normal,38001,0
CASE_00039,val,KM1_DC,2,20,normal,39002,0
CASE_00040,train,KM1_DC,2,20,reduced,40000,0
CASE_00042,train,KM1_DC,2,20,reduced,42002,0
CASE_00041,train,KM1_DC,2,20,reduced,41001,0
CASE_00043,train,KM1_DC,2,20,forced,43000,0
CASE_00044,train,KM1_DC,2,20,forced,44001,0
CASE_00045,train,KM1_DC,2,20,forced,45002,0
CASE_00048,train,KM1_DC,2,20,off,48002,0
CASE_00046,train,KM1_DC,2,20,off,46000,0
CASE_00047,train,KM1_DC,2,20,off,47001,0
CASE_00049,train,KM1_DC,2,30,normal,49000,0
CASE_00052,train,KM1_DC,2,30,reduced,52000,0
CASE_00051,train,KM1_DC,2,30,normal,51002,0
CASE_00050,train,KM1_DC,2,30,normal,50001,0
CASE_00054,train,KM1_DC,2,30,reduced,54002,0
CASE_00055,train,KM1_DC,2,30,forced,55000,0
CASE_00053,train,KM1_DC,2,30,reduced,53001,0
CASE_00056,train,KM1_DC,2,30,forced,56001,0
CASE_00057,train,KM1_DC,2,30,forced,57002,0
CASE_00058,val,KM1_DC,2,30,off,58000,0
CASE_00059,val,KM1_DC,2,30,off,59001,0
CASE_00060,val,KM1_DC,2,30,off,60002,0
CASE_00062,train,KM1_DC,5,0,normal,62001,0
CASE_00063,train,KM1_DC,5,0,normal,63002,0
CASE_00061,train,KM1_DC,5,0,normal,61000,0
CASE_00064,train,KM1_DC,5,0,reduced,64000,0
CASE_00065,train,KM1_DC,5,0,reduced,65001,0
CASE_00066,train,KM1_DC,5,0,reduced,66002,0
CASE_00067,val,KM1_DC,5,0,forced,67000,0
CASE_00068,val,KM1_DC,5,0,forced,68001,0
CASE_00069,val,KM1_DC,5,0,forced,69002,0
CASE_00070,train,KM1_DC,5,0,off,70000,0
CASE_00072,train,KM1_DC,5,0,off,72002,0
CASE_00071,train,KM1_DC,5,0,off,71001,0
CASE_00073,test,KM1_DC,5,5,normal,73000,0
CASE_00074,test,KM1_DC,5,5,normal,74001,0
CASE_00075,test,KM1_DC,5,5,normal,75002,0
CASE_00077,train,KM1_DC,5,5,reduced,77001,0
CASE_00076,train,KM1_DC,5,5,reduced,76000,0
CASE_00079,train,KM1_DC,5,5,forced,79000,0
CASE_00078,train,KM1_DC,5,5,reduced,78002,0
CASE_00080,train,KM1_DC,5,5,forced,80001,0
CASE_00081,train,KM1_DC,5,5,forced,81002,0
CASE_00082,train,KM1_DC,5,5,off,82000,0
CASE_00083,train,KM1_DC,5,5,off,83001,0
CASE_00084,train,KM1_DC,5,5,off,84002,0
CASE_00085,train,KM1_DC,5,10,normal,85000,0
CASE_00086,train,KM1_DC,5,10,normal,86001,0
CASE_00087,train,KM1_DC,5,10,normal,87002,0
CASE_00088,train,KM1_DC,5,10,reduced,88000,0
CASE_00089,train,KM1_DC,5,10,reduced,89001,0
CASE_00090,train,KM1_DC,5,10,reduced,90002,0
CASE_00091,val,KM1_DC,5,10,forced,91000,0
CASE_00092,val,KM1_DC,5,10,forced,92001,0
CASE_00093,val,KM1_DC,5,10,forced,93002,0
CASE_00094,val,KM1_DC,5,10,off,94000,0
CASE_00095,val,KM1_DC,5,10,off,95001,0
CASE_00096,val,KM1_DC,5,10,off,96002,0
CASE_00097,val,KM1_DC,5,20,normal,97000,0
CASE_00098,val,KM1_DC,5,20,normal,98001,0
CASE_00099,val,KM1_DC,5,20,normal,99002,0
CASE_00100,test,KM1_DC,5,20,reduced,100000,0
CASE_00102,test,KM1_DC,5,20,reduced,102002,0
CASE_00101,test,KM1_DC,5,20,reduced,101001,0
CASE_00103,test,KM1_DC,5,20,forced,103000,0
CASE_00104,test,KM1_DC,5,20,forced,104001,0
CASE_00105,test,KM1_DC,5,20,forced,105002,0
CASE_00106,train,KM1_DC,5,20,off,106000,0
CASE_00107,train,KM1_DC,5,20,off,107001,0
CASE_00108,train,KM1_DC,5,20,off,108002,0
CASE_00109,train,KM1_DC,5,30,normal,109000,0
CASE_00111,train,KM1_DC,5,30,normal,111002,0
CASE_00110,train,KM1_DC,5,30,normal,110001,0
CASE_00112,test,KM1_DC,5,30,reduced,112000,0
CASE_00113,test,KM1_DC,5,30,reduced,113001,0
CASE_00115,test,KM1_DC,5,30,forced,115000,0
CASE_00114,test,KM1_DC,5,30,reduced,114002,0
CASE_00116,test,KM1_DC,5,30,forced,116001,0
CASE_00117,test,KM1_DC,5,30,forced,117002,0
CASE_00119,train,KM1_DC,5,30,off,119001,0
CASE_00118,train,KM1_DC,5,30,off,118000,0
CASE_00120,train,KM1_DC,5,30,off,120002,0
CASE_00121,train,KM1_DC,10,0,normal,121000,0
CASE_00123,train,KM1_DC,10,0,normal,123002,0
CASE_00122,train,KM1_DC,10,0,normal,122001,0
CASE_00124,train,KM1_DC,10,0,reduced,124000,0
CASE_00125,train,KM1_DC,10,0,reduced,125001,0
CASE_00126,train,KM1_DC,10,0,reduced,126002,0
CASE_00127,train,KM1_DC,10,0,forced,127000,0
CASE_00128,train,KM1_DC,10,0,forced,128001,0
CASE_00129,train,KM1_DC,10,0,forced,129002,0
CASE_00130,train,KM1_DC,10,0,off,130000,0
CASE_00131,train,KM1_DC,10,0,off,131001,0
CASE_00132,train,KM1_DC,10,0,off,132002,0
CASE_00133,train,KM1_DC,10,5,normal,133000,0
CASE_00134,train,KM1_DC,10,5,normal,134001,0
CASE_00135,train,KM1_DC,10,5,normal,135002,0
CASE_00136,train,KM1_DC,10,5,reduced,136000,0
CASE_00137,train,KM1_DC,10,5,reduced,137001,0
CASE_00138,train,KM1_DC,10,5,reduced,138002,0
CASE_00139,test,KM1_DC,10,5,forced,139000,0
CASE_00140,test,KM1_DC,10,5,forced,140001,0
CASE_00141,test,KM1_DC,10,5,forced,141002,0
CASE_00142,train,KM1_DC,10,5,off,142000,0
CASE_00143,train,KM1_DC,10,5,off,143001,0
CASE_00144,train,KM1_DC,10,5,off,144002,0
CASE_00145,train,KM1_DC,10,10,normal,145000,0
CASE_00146,train,KM1_DC,10,10,normal,146001,0
CASE_00147,train,KM1_DC,10,10,normal,147002,0
CASE_00148,val,KM1_DC,10,10,reduced,148000,0
CASE_00149,val,KM1_DC,10,10,reduced,149001,0
CASE_00150,val,KM1_DC,10,10,reduced,150002,0
CASE_00151,train,KM1_DC,10,10,forced,151000,0
CASE_00152,train,KM1_DC,10,10,forced,152001,0
CASE_00153,train,KM1_DC,10,10,forced,153002,0
CASE_00154,train,KM1_DC,10,10,off,154000,0
CASE_00155,train,KM1_DC,10,10,off,155001,0
CASE_00156,train,KM1_DC,10,10,off,156002,0
CASE_00157,train,KM1_DC,10,20,normal,157000,0
CASE_00158,train,KM1_DC,10,20,normal,158001,0
CASE_00159,train,KM1_DC,10,20,normal,159002,0
CASE_00160,train,KM1_DC,10,20,reduced,160000,0
CASE_00161,train,KM1_DC,10,20,reduced,161001,0
CASE_00162,train,KM1_DC,10,20,reduced,162002,0
CASE_00163,train,KM1_DC,10,20,forced,163000,0
CASE_00164,train,KM1_DC,10,20,forced,164001,0
CASE_00165,train,KM1_DC,10,20,forced,165002,0
CASE_00166,train,KM1_DC,10,20,off,166000,0
CASE_00167,train,KM1_DC,10,20,off,167001,0
CASE_00168,train,KM1_DC,10,20,off,168002,0
CASE_00169,train,KM1_DC,10,30,normal,169000,0
CASE_00170,train,KM1_DC,10,30,normal,170001,0
CASE_00171,train,KM1_DC,10,30,normal,171002,0
CASE_00172,test,KM1_DC,10,30,reduced,172000,0
CASE_00173,test,KM1_DC,10,30,reduced,173001,0
CASE_00174,test,KM1_DC,10,30,reduced,174002,0
CASE_00175,train,KM1_DC,10,30,forced,175000,0
CASE_00176,train,KM1_DC,10,30,forced,176001,0
CASE_00177,train,KM1_DC,10,30,forced,177002,0
CASE_00178,train,KM1_DC,10,30,off,178000,0
CASE_00179,train,KM1_DC,10,30,off,179001,0
CASE_00180,train,KM1_DC,10,30,off,180002,0
CASE_00181,train,KM1_DC,15,0,normal,181000,0
CASE_00182,train,KM1_DC,15,0,normal,182001,0
CASE_00183,train,KM1_DC,15,0,normal,183002,0
CASE_00184,train,KM1_DC,15,0,reduced,184000,0
CASE_00185,train,KM1_DC,15,0,reduced,185001,0
CASE_00186,train,KM1_DC,15,0,reduced,186002,0
CASE_00187,train,KM1_DC,15,0,forced,187000,0
CASE_00188,train,KM1_DC,15,0,forced,188001,0
CASE_00189,train,KM1_DC,15,0,forced,189002,0
CASE_00190,train,KM1_DC,15,0,off,190000,0
CASE_00191,train,KM1_DC,15,0,off,191001,0
CASE_00192,train,KM1_DC,15,0,off,192002,0
CASE_00193,train,KM1_DC,15,5,normal,193000,0
CASE_00194,train,KM1_DC,15,5,normal,194001,0
CASE_00195,train,KM1_DC,15,5,normal,195002,0
CASE_00196,test,KM1_DC,15,5,reduced,196000,0
CASE_00197,test,KM1_DC,15,5,reduced,197001,0
CASE_00198,test,KM1_DC,15,5,reduced,198002,0
CASE_00199,train,KM1_DC,15,5,forced,199000,0
CASE_00200,train,KM1_DC,15,5,forced,200001,0
CASE_00201,train,KM1_DC,15,5,forced,201002,0
CASE_00202,train,KM1_DC,15,5,off,202000,0
CASE_00203,train,KM1_DC,15,5,off,203001,0
CASE_00204,train,KM1_DC,15,5,off,204002,0
CASE_00205,train,KM1_DC,15,10,normal,205000,1
CASE_00206,train,KM1_DC,15,10,normal,206001,1
CASE_00207,train,KM1_DC,15,10,normal,207002,1
CASE_00208,val,KM1_DC,15,10,reduced,208000,1
CASE_00209,val,KM1_DC,15,10,reduced,209001,1
CASE_00210,val,KM1_DC,15,10,reduced,210002,1
CASE_00211,test,KM1_DC,15,10,forced,211000,1
CASE_00212,test,KM1_DC,15,10,forced,212001,1
CASE_00213,test,KM1_DC,15,10,forced,213002,1
CASE_00214,train,KM1_DC,15,10,off,214000,1
CASE_00215,train,KM1_DC,15,10,off,215001,1
CASE_00216,train,KM1_DC,15,10,off,216002,1
CASE_00217,train,KM1_DC,15,20,normal,217000,1
CASE_00218,train,KM1_DC,15,20,normal,218001,1
CASE_00219,train,KM1_DC,15,20,normal,219002,1
CASE_00220,test,KM1_DC,15,20,reduced,220000,1
CASE_00221,test,KM1_DC,15,20,reduced,221001,1
CASE_00222,test,KM1_DC,15,20,reduced,222002,1
CASE_00223,train,KM1_DC,15,20,forced,223000,1
CASE_00224,train,KM1_DC,15,20,forced,224001,1
CASE_00225,train,KM1_DC,15,20,forced,225002,1
CASE_00226,train,KM1_DC,15,20,off,226000,1
CASE_00227,train,KM1_DC,15,20,off,227001,1
CASE_00228,train,KM1_DC,15,20,off,228002,1
CASE_00229,train,KM1_DC,15,30,normal,229000,1
CASE_00230,train,KM1_DC,15,30,normal,230001,1
CASE_00231,train,KM1_DC,15,30,normal,231002,1
CASE_00232,train,KM1_DC,15,30,reduced,232000,1
CASE_00233,train,KM1_DC,15,30,reduced,233001,1
CASE_00234,train,KM1_DC,15,30,reduced,234002,1
CASE_00235,test,KM1_DC,15,30,forced,235000,1
CASE_00236,test,KM1_DC,15,30,forced,236001,1
CASE_00237,test,KM1_DC,15,30,forced,237002,1
CASE_00238,val,KM1_DC,15,30,off,238000,1
CASE_00239,val,KM1_DC,15,30,off,239001,1
CASE_00240,val,KM1_DC,15,30,off,240002,1
CASE_00241,train,KM1_DC,20,0,normal,241000,0
CASE_00242,train,KM1_DC,20,0,normal,242001,0
CASE_00243,train,KM1_DC,20,0,normal,243002,0
CASE_00244,test,KM1_DC,20,0,reduced,244000,0
CASE_00245,test,KM1_DC,20,0,reduced,245001,0
CASE_00246,test,KM1_DC,20,0,reduced,246002,0
CASE_00247,test,KM1_DC,20,0,forced,247000,0
CASE_00248,test,KM1_DC,20,0,forced,248001,0
CASE_00249,test,KM1_DC,20,0,forced,249002,0
CASE_00250,train,KM1_DC,20,0,off,250000,0
CASE_00251,train,KM1_DC,20,0,off,251001,0
CASE_00252,train,KM1_DC,20,0,off,252002,0
CASE_00253,train,KM1_DC,20,5,normal,253000,1
CASE_00254,train,KM1_DC,20,5,normal,254001,1
CASE_00255,train,KM1_DC,20,5,normal,255002,1
CASE_00256,train,KM1_DC,20,5,reduced,256000,1
CASE_00257,train,KM1_DC,20,5,reduced,257001,1
CASE_00258,train,KM1_DC,20,5,reduced,258002,1
CASE_00259,train,KM1_DC,20,5,forced,259000,1
CASE_00260,train,KM1_DC,20,5,forced,260001,1
CASE_00261,train,KM1_DC,20,5,forced,261002,1
CASE_00262,train,KM1_DC,20,5,off,262000,1
CASE_00263,train,KM1_DC,20,5,off,263001,1
CASE_00264,train,KM1_DC,20,5,off,264002,1
CASE_00265,val,KM1_DC,20,10,normal,265000,1
CASE_00266,val,KM1_DC,20,10,normal,266001,1
CASE_00267,val,KM1_DC,20,10,normal,267002,1
CASE_00268,val,KM1_DC,20,10,reduced,268000,1
CASE_00269,val,KM1_DC,20,10,reduced,269001,1
CASE_00270,val,KM1_DC,20,10,reduced,270002,1
CASE_00271,train,KM1_DC,20,10,forced,271000,1
CASE_00272,train,KM1_DC,20,10,forced,272001,1
CASE_00273,train,KM1_DC,20,10,forced,273002,1
CASE_00274,train,KM1_DC,20,10,off,274000,1
CASE_00277,train,KM1_DC,20,20,normal,277000,1
CASE_00275,train,KM1_DC,20,10,off,275001,1
CASE_00276,train,KM1_DC,20,10,off,276002,1
CASE_00278,train,KM1_DC,20,20,normal,278001,1
CASE_00279,train,KM1_DC,20,20,normal,279002,1
CASE_00280,train,KM1_DC,20,20,reduced,280000,1
CASE_00281,train,KM1_DC,20,20,reduced,281001,1
CASE_00282,train,KM1_DC,20,20,reduced,282002,1
CASE_00283,val,KM1_DC,20,20,forced,283000,1
CASE_00284,val,KM1_DC,20,20,forced,284001,1
CASE_00285,val,KM1_DC,20,20,forced,285002,1
CASE_00286,train,KM1_DC,20,20,off,286000,1
CASE_00287,train,KM1_DC,20,20,off,287001,1
CASE_00288,train,KM1_DC,20,20,off,288002,1
CASE_00289,train,KM1_DC,20,30,normal,289000,1
CASE_00290,train,KM1_DC,20,30,normal,290001,1
CASE_00291,train,KM1_DC,20,30,normal,291002,1
CASE_00292,train,KM1_DC,20,30,reduced,292000,1
CASE_00293,train,KM1_DC,20,30,reduced,293001,1
CASE_00294,train,KM1_DC,20,30,reduced,294002,1
CASE_00295,test,KM1_DC,20,30,forced,295000,1
CASE_00296,test,KM1_DC,20,30,forced,296001,1
CASE_00297,test,KM1_DC,20,30,forced,297002,1
CASE_00298,train,KM1_DC,20,30,off,298000,1
CASE_00299,train,KM1_DC,20,30,off,299001,1
CASE_00300,train,KM1_DC,20,30,off,300002,1
CASE_00301,train,KM1_DC,25,0,normal,301000,0
CASE_00302,train,KM1_DC,25,0,normal,302001,0
CASE_00303,train,KM1_DC,25,0,normal,303002,0
CASE_00304,test,KM1_DC,25,0,reduced,304000,0
CASE_00305,test,KM1_DC,25,0,reduced,305001,0
CASE_00306,test,KM1_DC,25,0,reduced,306002,0
CASE_00307,train,KM1_DC,25,0,forced,307000,0
CASE_00308,train,KM1_DC,25,0,forced,308001,0
CASE_00309,train,KM1_DC,25,0,forced,309002,0
CASE_00313,train,KM1_DC,25,5,normal,313000,1
CASE_00310,train,KM1_DC,25,0,off,310000,0
CASE_00311,train,KM1_DC,25,0,off,311001,0
CASE_00312,train,KM1_DC,25,0,off,312002,0
CASE_00314,train,KM1_DC,25,5,normal,314001,1
CASE_00315,train,KM1_DC,25,5,normal,315002,1
CASE_00316,test,KM1_DC,25,5,reduced,316000,1
CASE_00317,test,KM1_DC,25,5,reduced,317001,1
CASE_00318,test,KM1_DC,25,5,reduced,318002,1
CASE_00320,test,KM1_DC,25,5,forced,320001,1
CASE_00319,test,KM1_DC,25,5,forced,319000,1
CASE_00321,test,KM1_DC,25,5,forced,321002,1
CASE_00322,train,KM1_DC,25,5,off,322000,1
CASE_00323,train,KM1_DC,25,5,off,323001,1
CASE_00324,train,KM1_DC,25,5,off,324002,1
CASE_00325,train,KM1_DC,25,10,normal,325000,1
CASE_00326,train,KM1_DC,25,10,normal,326001,1
CASE_00327,train,KM1_DC,25,10,normal,327002,1
CASE_00328,val,KM1_DC,25,10,reduced,328000,1
CASE_00329,val,KM1_DC,25,10,reduced,329001,1
CASE_00330,val,KM1_DC,25,10,reduced,330002,1
CASE_00331,train,KM1_DC,25,10,forced,331000,1
CASE_00332,train,KM1_DC,25,10,forced,332001,1
CASE_00333,train,KM1_DC,25,10,forced,333002,1
CASE_00334,val,KM1_DC,25,10,off,334000,1
CASE_00335,val,KM1_DC,25,10,off,335001,1
CASE_00337,train,KM1_DC,25,20,normal,337000,1
CASE_00336,val,KM1_DC,25,10,off,336002,1
CASE_00338,train,KM1_DC,25,20,normal,338001,1
CASE_00339,train,KM1_DC,25,20,normal,339002,1
CASE_00340,val,KM1_DC,25,20,reduced,340000,1
CASE_00341,val,KM1_DC,25,20,reduced,341001,1
CASE_00342,val,KM1_DC,25,20,reduced,342002,1
CASE_00345,train,KM1_DC,25,20,forced,345002,1
CASE_00343,train,KM1_DC,25,20,forced,343000,1
CASE_00344,train,KM1_DC,25,20,forced,344001,1
CASE_00346,train,KM1_DC,25,20,off,346000,1
CASE_00347,train,KM1_DC,25,20,off,347001,1
CASE_00348,train,KM1_DC,25,20,off,348002,1
CASE_00349,train,KM1_DC,25,30,normal,349000,1
CASE_00350,train,KM1_DC,25,30,normal,350001,1
CASE_00351,train,KM1_DC,25,30,normal,351002,1
CASE_00352,train,KM1_DC,25,30,reduced,352000,1
CASE_00353,train,KM1_DC,25,30,reduced,353001,1
CASE_00354,train,KM1_DC,25,30,reduced,354002,1
CASE_00356,train,KM1_DC,25,30,forced,356001,1
CASE_00355,train,KM1_DC,25,30,forced,355000,1
CASE_00357,train,KM1_DC,25,30,forced,357002,1
CASE_00358,train,KM1_DC,25,30,off,358000,1
CASE_00359,train,KM1_DC,25,30,off,359001,1
CASE_00360,train,KM1_DC,25,30,off,360002,1
CASE_00361,train,KM1_DC,30,0,normal,361000,1
CASE_00362,train,KM1_DC,30,0,normal,362001,1
CASE_00363,train,KM1_DC,30,0,normal,363002,1
CASE_00364,train,KM1_DC,30,0,reduced,364000,1
CASE_00365,train,KM1_DC,30,0,reduced,365001,1
CASE_00366,train,KM1_DC,30,0,reduced,366002,1
CASE_00367,train,KM1_DC,30,0,forced,367000,1
CASE_00368,train,KM1_DC,30,0,forced,368001,1
CASE_00369,train,KM1_DC,30,0,forced,369002,1
CASE_00373,train,KM1_DC,30,5,normal,373000,1
CASE_00374,train,KM1_DC,30,5,normal,374001,1
CASE_00370,val,KM1_DC,30,0,off,370000,1
CASE_00375,train,KM1_DC,30,5,normal,375002,1
CASE_00376,train,KM1_DC,30,5,reduced,376000,1
CASE_00371,val,KM1_DC,30,0,off,371001,1
CASE_00372,val,KM1_DC,30,0,off,372002,1
CASE_00377,train,KM1_DC,30,5,reduced,377001,1
CASE_00378,train,KM1_DC,30,5,reduced,378002,1
CASE_00379,train,KM1_DC,30,5,forced,379000,1
CASE_00380,train,KM1_DC,30,5,forced,380001,1
CASE_00381,train,KM1_DC,30,5,forced,381002,1
CASE_00382,train,KM1_DC,30,5,off,382000,1
CASE_00383,train,KM1_DC,30,5,off,383001,1
CASE_00384,train,KM1_DC,30,5,off,384002,1
CASE_00385,train,KM1_DC,30,10,normal,385000,1
CASE_00386,train,KM1_DC,30,10,normal,386001,1
CASE_00387,train,KM1_DC,30,10,normal,387002,1
CASE_00388,train,KM1_DC,30,10,reduced,388000,1
CASE_00389,train,KM1_DC,30,10,reduced,389001,1
CASE_00390,train,KM1_DC,30,10,reduced,390002,1
CASE_00391,train,KM1_DC,30,10,forced,391000,1
CASE_00392,train,KM1_DC,30,10,forced,392001,1
CASE_00393,train,KM1_DC,30,10,forced,393002,1
CASE_00394,train,KM1_DC,30,10,off,394000,1
CASE_00395,train,KM1_DC,30,10,off,395001,1
CASE_00396,train,KM1_DC,30,10,off,396002,1
CASE_00397,train,KM1_DC,30,20,normal,397000,1
CASE_00398,train,KM1_DC,30,20,normal,398001,1
CASE_00399,train,KM1_DC,30,20,normal,399002,1
CASE_00400,train,KM1_DC,30,20,reduced,400000,1
CASE_00401,train,KM1_DC,30,20,reduced,401001,1
CASE_00402,train,KM1_DC,30,20,reduced,402002,1
CASE_00403,train,KM1_DC,30,20,forced,403000,1
CASE_00404,train,KM1_DC,30,20,forced,404001,1
CASE_00405,train,KM1_DC,30,20,forced,405002,1
CASE_00406,val,KM1_DC,30,20,off,406000,1
CASE_00407,val,KM1_DC,30,20,off,407001,1
CASE_00408,val,KM1_DC,30,20,off,408002,1
CASE_00409,test,KM1_DC,30,30,normal,409000,1
CASE_00410,test,KM1_DC,30,30,normal,410001,1
CASE_00411,test,KM1_DC,30,30,normal,411002,1
CASE_00412,test,KM1_DC,30,30,reduced,412000,1
CASE_00413,test,KM1_DC,30,30,reduced,413001,1
CASE_00414,test,KM1_DC,30,30,reduced,414002,1
CASE_00415,train,KM1_DC,30,30,forced,415000,1
CASE_00416,train,KM1_DC,30,30,forced,416001,1
CASE_00417,train,KM1_DC,30,30,forced,417002,1
CASE_00418,train,KM1_DC,30,30,off,418000,1
CASE_00419,train,KM1_DC,30,30,off,419001,1
CASE_00420,train,KM1_DC,30,30,off,420002,1
CASE_00421,train,KM1_DC,35,0,normal,421000,1
CASE_00423,train,KM1_DC,35,0,normal,423002,1
CASE_00422,train,KM1_DC,35,0,normal,422001,1
CASE_00424,train,KM1_DC,35,0,reduced,424000,1
CASE_00426,train,KM1_DC,35,0,reduced,426002,1
CASE_00425,train,KM1_DC,35,0,reduced,425001,1
CASE_00427,train,KM1_DC,35,0,forced,427000,1
CASE_00428,train,KM1_DC,35,0,forced,428001,1
CASE_00429,train,KM1_DC,35,0,forced,429002,1
CASE_00430,val,KM1_DC,35,0,off,430000,1
CASE_00431,val,KM1_DC,35,0,off,431001,1
CASE_00433,val,KM1_DC,35,5,normal,433000,1
CASE_00432,val,KM1_DC,35,0,off,432002,1
CASE_00434,val,KM1_DC,35,5,normal,434001,1
CASE_00435,val,KM1_DC,35,5,normal,435002,1
CASE_00436,val,KM1_DC,35,5,reduced,436000,1
CASE_00437,val,KM1_DC,35,5,reduced,437001,1
CASE_00438,val,KM1_DC,35,5,reduced,438002,1
CASE_00439,val,KM1_DC,35,5,forced,439000,1
CASE_00440,val,KM1_DC,35,5,forced,440001,1
CASE_00441,val,KM1_DC,35,5,forced,441002,1
CASE_00442,train,KM1_DC,35,5,off,442000,1
CASE_00443,train,KM1_DC,35,5,off,443001,1
CASE_00444,train,KM1_DC,35,5,off,444002,1
CASE_00446,train,KM1_DC,35,10,normal,446001,1
CASE_00445,train,KM1_DC,35,10,normal,445000,1
CASE_00447,train,KM1_DC,35,10,normal,447002,1
CASE_00448,train,KM1_DC,35,10,reduced,448000,1
CASE_00449,train,KM1_DC,35,10,reduced,449001,1
CASE_00450,train,KM1_DC,35,10,reduced,450002,1
CASE_00451,test,KM1_DC,35,10,forced,451000,1
CASE_00452,test,KM1_DC,35,10,forced,452001,1
CASE_00457,train,KM1_DC,35,20,normal,457000,1
CASE_00453,test,KM1_DC,35,10,forced,453002,1
CASE_00458,train,KM1_DC,35,20,normal,458001,1
CASE_00459,train,KM1_DC,35,20,normal,459002,1
CASE_00454,train,KM1_DC,35,10,off,454000,1
CASE_00455,train,KM1_DC,35,10,off,455001,1
CASE_00456,train,KM1_DC,35,10,off,456002,1
CASE_00460,train,KM1_DC,35,20,reduced,460000,1
CASE_00461,train,KM1_DC,35,20,reduced,461001,1
CASE_00462,train,KM1_DC,35,20,reduced,462002,1
CASE_00464,train,KM1_DC,35,20,forced,464001,1
CASE_00465,train,KM1_DC,35,20,forced,465002,1
CASE_00463,train,KM1_DC,35,20,forced,463000,1
CASE_00467,train,KM1_DC,35,20,off,467001,1
CASE_00466,train,KM1_DC,35,20,off,466000,1
CASE_00468,train,KM1_DC,35,20,off,468002,1
CASE_00469,train,KM1_DC,35,30,normal,469000,1
CASE_00470,train,KM1_DC,35,30,normal,470001,1
CASE_00471,train,KM1_DC,35,30,normal,471002,1
CASE_00472,val,KM1_DC,35,30,reduced,472000,1
CASE_00473,val,KM1_DC,35,30,reduced,473001,1
CASE_00474,val,KM1_DC,35,30,reduced,474002,1
CASE_00475,test,KM1_DC,35,30,forced,475000,1
CASE_00476,test,KM1_DC,35,30,forced,476001,1
CASE_00477,test,KM1_DC,35,30,forced,477002,1
CASE_00478,train,KM1_DC,35,30,off,478000,1
CASE_00479,train,KM1_DC,35,30,off,479001,1
CASE_00480,train,KM1_DC,35,30,off,480002,1
CASE_00481,train,KM1_AC,2,0,normal,481000,0
CASE_00482,train,KM1_AC,2,0,normal,482001,0
CASE_00483,train,KM1_AC,2,0,normal,483002,0
CASE_00484,train,KM1_AC,2,0,reduced,484000,0
CASE_00485,train,KM1_AC,2,0,reduced,485001,0
CASE_00487,train,KM1_AC,2,0,forced,487000,0
CASE_00486,train,KM1_AC,2,0,reduced,486002,0
CASE_00488,train,KM1_AC,2,0,forced,488001,0
CASE_00490,test,KM1_AC,2,0,off,490000,0
CASE_00489,train,KM1_AC,2,0,forced,489002,0
CASE_00492,test,KM1_AC,2,0,off,492002,0
CASE_00491,test,KM1_AC,2,0,off,491001,0
CASE_00494,train,KM1_AC,2,5,normal,494001,0
CASE_00493,train,KM1_AC,2,5,normal,493000,0
CASE_00495,train,KM1_AC,2,5,normal,495002,0
CASE_00496,val,KM1_AC,2,5,reduced,496000,0
CASE_00497,val,KM1_AC,2,5,reduced,497001,0
CASE_00499,train,KM1_AC,2,5,forced,499000,0
CASE_00498,val,KM1_AC,2,5,reduced,498002,0
CASE_00500,train,KM1_AC,2,5,forced,500001,0
CASE_00501,train,KM1_AC,2,5,forced,501002,0
CASE_00502,test,KM1_AC,2,5,off,502000,0
CASE_00503,test,KM1_AC,2,5,off,503001,0
CASE_00504,test,KM1_AC,2,5,off,504002,0
CASE_00505,train,KM1_AC,2,10,normal,505000,0
CASE_00506,train,KM1_AC,2,10,normal,506001,0
CASE_00507,train,KM1_AC,2,10,normal,507002,0
CASE_00508,train,KM1_AC,2,10,reduced,508000,0
CASE_00509,train,KM1_AC,2,10,reduced,509001,0
CASE_00510,train,KM1_AC,2,10,reduced,510002,0
CASE_00511,train,KM1_AC,2,10,forced,511000,0
CASE_00512,train,KM1_AC,2,10,forced,512001,0
CASE_00513,train,KM1_AC,2,10,forced,513002,0
CASE_00514,train,KM1_AC,2,10,off,514000,0
CASE_00515,train,KM1_AC,2,10,off,515001,0
CASE_00516,train,KM1_AC,2,10,off,516002,0
CASE_00517,test,KM1_AC,2,20,normal,517000,0
CASE_00518,test,KM1_AC,2,20,normal,518001,0
CASE_00519,test,KM1_AC,2,20,normal,519002,0
CASE_00520,val,KM1_AC,2,20,reduced,520000,0
CASE_00521,val,KM1_AC,2,20,reduced,521001,0
CASE_00522,val,KM1_AC,2,20,reduced,522002,0
CASE_00523,val,KM1_AC,2,20,forced,523000,0
CASE_00524,val,KM1_AC,2,20,forced,524001,0
CASE_00525,val,KM1_AC,2,20,forced,525002,0
CASE_00527,train,KM1_AC,2,20,off,527001,0
CASE_00526,train,KM1_AC,2,20,off,526000,0
CASE_00528,train,KM1_AC,2,20,off,528002,0
CASE_00529,train,KM1_AC,2,30,normal,529000,0
CASE_00530,train,KM1_AC,2,30,normal,530001,0
CASE_00532,train,KM1_AC,2,30,reduced,532000,0
CASE_00531,train,KM1_AC,2,30,normal,531002,0
CASE_00533,train,KM1_AC,2,30,reduced,533001,0
CASE_00534,train,KM1_AC,2,30,reduced,534002,0
CASE_00535,train,KM1_AC,2,30,forced,535000,0
CASE_00536,train,KM1_AC,2,30,forced,536001,0
CASE_00537,train,KM1_AC,2,30,forced,537002,0
CASE_00538,train,KM1_AC,2,30,off,538000,0
CASE_00540,train,KM1_AC,2,30,off,540002,0
CASE_00539,train,KM1_AC,2,30,off,539001,0
CASE_00541,train,KM1_AC,5,0,normal,541000,0
CASE_00542,train,KM1_AC,5,0,normal,542001,0
CASE_00543,train,KM1_AC,5,0,normal,543002,0
CASE_00544,test,KM1_AC,5,0,reduced,544000,0
CASE_00545,test,KM1_AC,5,0,reduced,545001,0
CASE_00546,test,KM1_AC,5,0,reduced,546002,0
CASE_00548,train,KM1_AC,5,0,forced,548001,0
CASE_00547,train,KM1_AC,5,0,forced,547000,0
CASE_00549,train,KM1_AC,5,0,forced,549002,0
CASE_00550,train,KM1_AC,5,0,off,550000,0
CASE_00551,train,KM1_AC,5,0,off,551001,0
CASE_00552,train,KM1_AC,5,0,off,552002,0
CASE_00553,train,KM1_AC,5,5,normal,553000,0
CASE_00554,train,KM1_AC,5,5,normal,554001,0
CASE_00555,train,KM1_AC,5,5,normal,555002,0
CASE_00556,train,KM1_AC,5,5,reduced,556000,0
CASE_00557,train,KM1_AC,5,5,reduced,557001,0
CASE_00558,train,KM1_AC,5,5,reduced,558002,0
CASE_00559,train,KM1_AC,5,5,forced,559000,0
CASE_00560,train,KM1_AC,5,5,forced,560001,0
CASE_00561,train,KM1_AC,5,5,forced,561002,0
CASE_00562,train,KM1_AC,5,5,off,562000,0
CASE_00563,train,KM1_AC,5,5,off,563001,0
CASE_00564,train,KM1_AC,5,5,off,564002,0
CASE_00565,train,KM1_AC,5,10,normal,565000,0
CASE_00566,train,KM1_AC,5,10,normal,566001,0
CASE_00567,train,KM1_AC,5,10,normal,567002,0
CASE_00568,train,KM1_AC,5,10,reduced,568000,0
CASE_00569,train,KM1_AC,5,10,reduced,569001,0
CASE_00570,train,KM1_AC,5,10,reduced,570002,0
CASE_00571,train,KM1_AC,5,10,forced,571000,0
CASE_00572,train,KM1_AC,5,10,forced,572001,0
CASE_00573,train,KM1_AC,5,10,forced,573002,0
CASE_00574,train,KM1_AC,5,10,off,574000,0
CASE_00575,train,KM1_AC,5,10,off,575001,0
CASE_00576,train,KM1_AC,5,10,off,576002,0
CASE_00577,test,KM1_AC,5,20,normal,577000,0
CASE_00578,test,KM1_AC,5,20,normal,578001,0
CASE_00579,test,KM1_AC,5,20,normal,579002,0
CASE_00580,train,KM1_AC,5,20,reduced,580000,0
CASE_00581,train,KM1_AC,5,20,reduced,581001,0
CASE_00582,train,KM1_AC,5,20,reduced,582002,0
CASE_00583,train,KM1_AC,5,20,forced,583000,0
CASE_00584,train,KM1_AC,5,20,forced,584001,0
CASE_00585,train,KM1_AC,5,20,forced,585002,0
CASE_00586,train,KM1_AC,5,20,off,586000,0
CASE_00587,train,KM1_AC,5,20,off,587001,0
CASE_00588,train,KM1_AC,5,20,off,588002,0
CASE_00589,val,KM1_AC,5,30,normal,589000,0
CASE_00590,val,KM1_AC,5,30,normal,590001,0
CASE_00591,val,KM1_AC,5,30,normal,591002,0
CASE_00592,val,KM1_AC,5,30,reduced,592000,0
CASE_00593,val,KM1_AC,5,30,reduced,593001,0
CASE_00594,val,KM1_AC,5,30,reduced,594002,0
CASE_00595,val,KM1_AC,5,30,forced,595000,0
CASE_00596,val,KM1_AC,5,30,forced,596001,0
CASE_00597,val,KM1_AC,5,30,forced,597002,0
CASE_00598,train,KM1_AC,5,30,off,598000,0
CASE_00599,train,KM1_AC,5,30,off,599001,0
CASE_00600,train,KM1_AC,5,30,off,600002,0
CASE_00601,train,KM1_AC,10,0,normal,601000,0
CASE_00602,train,KM1_AC,10,0,normal,602001,0
CASE_00603,train,KM1_AC,10,0,normal,603002,0
CASE_00604,train,KM1_AC,10,0,reduced,604000,0
CASE_00605,train,KM1_AC,10,0,reduced,605001,0
CASE_00606,train,KM1_AC,10,0,reduced,606002,0
CASE_00607,val,KM1_AC,10,0,forced,607000,0
CASE_00608,val,KM1_AC,10,0,forced,608001,0
CASE_00609,val,KM1_AC,10,0,forced,609002,0
CASE_00610,train,KM1_AC,10,0,off,610000,0
CASE_00611,train,KM1_AC,10,0,off,611001,0
CASE_00612,train,KM1_AC,10,0,off,612002,0
CASE_00613,train,KM1_AC,10,5,normal,613000,0
CASE_00614,train,KM1_AC,10,5,normal,614001,0
CASE_00615,train,KM1_AC,10,5,normal,615002,0
CASE_00616,train,KM1_AC,10,5,reduced,616000,0
CASE_00617,train,KM1_AC,10,5,reduced,617001,0
CASE_00618,train,KM1_AC,10,5,reduced,618002,0
CASE_00619,train,KM1_AC,10,5,forced,619000,0
CASE_00620,train,KM1_AC,10,5,forced,620001,0
CASE_00621,train,KM1_AC,10,5,forced,621002,0
CASE_00622,train,KM1_AC,10,5,off,622000,0
CASE_00623,train,KM1_AC,10,5,off,623001,0
CASE_00624,train,KM1_AC,10,5,off,624002,0
CASE_00625,val,KM1_AC,10,10,normal,625000,0
CASE_00626,val,KM1_AC,10,10,normal,626001,0
CASE_00627,val,KM1_AC,10,10,normal,627002,0
CASE_00628,train,KM1_AC,10,10,reduced,628000,0
CASE_00629,train,KM1_AC,10,10,reduced,629001,0
CASE_00630,train,KM1_AC,10,10,reduced,630002,0
CASE_00631,test,KM1_AC,10,10,forced,631000,0
CASE_00632,test,KM1_AC,10,10,forced,632001,0
CASE_00633,test,KM1_AC,10,10,forced,633002,0
CASE_00634,train,KM1_AC,10,10,off,634000,0
CASE_00635,train,KM1_AC,10,10,off,635001,0
CASE_00636,train,KM1_AC,10,10,off,636002,0
CASE_00637,train,KM1_AC,10,20,normal,637000,0
CASE_00638,train,KM1_AC,10,20,normal,638001,0
CASE_00639,train,KM1_AC,10,20,normal,639002,0
CASE_00640,val,KM1_AC,10,20,reduced,640000,0
CASE_00641,val,KM1_AC,10,20,reduced,641001,0
CASE_00642,val,KM1_AC,10,20,reduced,642002,0
CASE_00643,train,KM1_AC,10,20,forced,643000,0
CASE_00644,train,KM1_AC,10,20,forced,644001,0
CASE_00645,train,KM1_AC,10,20,forced,645002,0
CASE_00646,train,KM1_AC,10,20,off,646000,0
CASE_00647,train,KM1_AC,10,20,off,647001,0
CASE_00648,train,KM1_AC,10,20,off,648002,0
CASE_00649,train,KM1_AC,10,30,normal,649000,0
CASE_00650,train,KM1_AC,10,30,normal,650001,0
CASE_00651,train,KM1_AC,10,30,normal,651002,0
CASE_00652,train,KM1_AC,10,30,reduced,652000,0
CASE_00653,train,KM1_AC,10,30,reduced,653001,0
CASE_00654,train,KM1_AC,10,30,reduced,654002,0
CASE_00655,train,KM1_AC,10,30,forced,655000,0
CASE_00656,train,KM1_AC,10,30,forced,656001,0
CASE_00657,train,KM1_AC,10,30,forced,657002,0
CASE_00658,train,KM1_AC,10,30,off,658000,0
CASE_00659,train,KM1_AC,10,30,off,659001,0
CASE_00660,train,KM1_AC,10,30,off,660002,0
CASE_00661,train,KM1_AC,15,0,normal,661000,0
CASE_00662,train,KM1_AC,15,0,normal,662001,0
CASE_00663,train,KM1_AC,15,0,normal,663002,0
CASE_00664,train,KM1_AC,15,0,reduced,664000,0
CASE_00665,train,KM1_AC,15,0,reduced,665001,0
CASE_00666,train,KM1_AC,15,0,reduced,666002,0
CASE_00667,val,KM1_AC,15,0,forced,667000,0
CASE_00668,val,KM1_AC,15,0,forced,668001,0
CASE_00669,val,KM1_AC,15,0,forced,669002,0
CASE_00670,train,KM1_AC,15,0,off,670000,0
CASE_00671,train,KM1_AC,15,0,off,671001,0
CASE_00672,train,KM1_AC,15,0,off,672002,0
CASE_00673,train,KM1_AC,15,5,normal,673000,0
CASE_00674,train,KM1_AC,15,5,normal,674001,0
CASE_00675,train,KM1_AC,15,5,normal,675002,0
CASE_00677,train,KM1_AC,15,5,reduced,677001,0
CASE_00676,train,KM1_AC,15,5,reduced,676000,0
CASE_00678,train,KM1_AC,15,5,reduced,678002,0
CASE_00679,val,KM1_AC,15,5,forced,679000,0
CASE_00680,val,KM1_AC,15,5,forced,680001,0
CASE_00681,val,KM1_AC,15,5,forced,681002,0
CASE_00682,train,KM1_AC,15,5,off,682000,0
CASE_00683,train,KM1_AC,15,5,off,683001,0
CASE_00684,train,KM1_AC,15,5,off,684002,0
CASE_00685,train,KM1_AC,15,10,normal,685000,0
CASE_00686,train,KM1_AC,15,10,normal,686001,0
CASE_00687,train,KM1_AC,15,10,normal,687002,0
CASE_00688,train,KM1_AC,15,10,reduced,688000,0
CASE_00689,train,KM1_AC,15,10,reduced,689001,0
CASE_00690,train,KM1_AC,15,10,reduced,690002,0
CASE_00691,test,KM1_AC,15,10,forced,691000,0
CASE_00692,test,KM1_AC,15,10,forced,692001,0
CASE_00693,test,KM1_AC,15,10,forced,693002,0
CASE_00694,train,KM1_AC,15,10,off,694000,0
CASE_00695,train,KM1_AC,15,10,off,695001,0
CASE_00696,train,KM1_AC,15,10,off,696002,0
CASE_00697,test,KM1_AC,15,20,normal,697000,0
CASE_00698,test,KM1_AC,15,20,normal,698001,0
CASE_00699,test,KM1_AC,15,20,normal,699002,0
CASE_00700,val,KM1_AC,15,20,reduced,700000,0
CASE_00701,val,KM1_AC,15,20,reduced,701001,0
CASE_00702,val,KM1_AC,15,20,reduced,702002,0
CASE_00703,train,KM1_AC,15,20,forced,703000,0
CASE_00704,train,KM1_AC,15,20,forced,704001,0
CASE_00706,train,KM1_AC,15,20,off,706000,0
CASE_00705,train,KM1_AC,15,20,forced,705002,0
CASE_00707,train,KM1_AC,15,20,off,707001,0
CASE_00708,train,KM1_AC,15,20,off,708002,0
CASE_00709,train,KM1_AC,15,30,normal,709000,0
CASE_00710,train,KM1_AC,15,30,normal,710001,0
CASE_00711,train,KM1_AC,15,30,normal,711002,0
CASE_00712,train,KM1_AC,15,30,reduced,712000,0
CASE_00713,train,KM1_AC,15,30,reduced,713001,0
CASE_00714,train,KM1_AC,15,30,reduced,714002,0
CASE_00715,train,KM1_AC,15,30,forced,715000,0
CASE_00716,train,KM1_AC,15,30,forced,716001,0
CASE_00717,train,KM1_AC,15,30,forced,717002,0
CASE_00718,train,KM1_AC,15,30,off,718000,0
CASE_00719,train,KM1_AC,15,30,off,719001,0
CASE_00720,train,KM1_AC,15,30,off,720002,0
CASE_00721,test,KM1_AC,20,0,normal,721000,0
CASE_00722,test,KM1_AC,20,0,normal,722001,0
CASE_00724,train,KM1_AC,20,0,reduced,724000,0
CASE_00723,test,KM1_AC,20,0,normal,723002,0
CASE_00725,train,KM1_AC,20,0,reduced,725001,0
CASE_00726,train,KM1_AC,20,0,reduced,726002,0
CASE_00727,test,KM1_AC,20,0,forced,727000,0
CASE_00728,test,KM1_AC,20,0,forced,728001,0
CASE_00729,test,KM1_AC,20,0,forced,729002,0
CASE_00730,train,KM1_AC,20,0,off,730000,0
CASE_00731,train,KM1_AC,20,0,off,731001,0
CASE_00732,train,KM1_AC,20,0,off,732002,0
CASE_00733,val,KM1_AC,20,5,normal,733000,1
CASE_00734,val,KM1_AC,20,5,normal,734001,1
CASE_00735,val,KM1_AC,20,5,normal,735002,1
CASE_00736,train,KM1_AC,20,5,reduced,736000,1
CASE_00737,train,KM1_AC,20,5,reduced,737001,1
CASE_00738,train,KM1_AC,20,5,reduced,738002,1
CASE_00739,train,KM1_AC,20,5,forced,739000,1
CASE_00740,train,KM1_AC,20,5,forced,740001,1
CASE_00741,train,KM1_AC,20,5,forced,741002,1
CASE_00742,train,KM1_AC,20,5,off,742000,1
CASE_00743,train,KM1_AC,20,5,off,743001,1
CASE_00744,train,KM1_AC,20,5,off,744002,1
CASE_00745,test,KM1_AC,20,10,normal,745000,1
CASE_00746,test,KM1_AC,20,10,normal,746001,1
CASE_00747,test,KM1_AC,20,10,normal,747002,1
CASE_00748,train,KM1_AC,20,10,reduced,748000,1
CASE_00749,train,KM1_AC,20,10,reduced,749001,1
CASE_00750,train,KM1_AC,20,10,reduced,750002,1
CASE_00751,test,KM1_AC,20,10,forced,751000,1
CASE_00752,test,KM1_AC,20,10,forced,752001,1
CASE_00753,test,KM1_AC,20,10,forced,753002,1
CASE_00754,train,KM1_AC,20,10,off,754000,1
CASE_00755,train,KM1_AC,20,10,off,755001,1
CASE_00757,train,KM1_AC,20,20,normal,757000,1
CASE_00756,train,KM1_AC,20,10,off,756002,1
CASE_00758,train,KM1_AC,20,20,normal,758001,1
CASE_00759,train,KM1_AC,20,20,normal,759002,1
CASE_00760,test,KM1_AC,20,20,reduced,760000,1
CASE_00762,test,KM1_AC,20,20,reduced,762002,1
CASE_00761,test,KM1_AC,20,20,reduced,761001,1
CASE_00763,train,KM1_AC,20,20,forced,763000,1
CASE_00764,train,KM1_AC,20,20,forced,764001,1
CASE_00765,train,KM1_AC,20,20,forced,765002,1
CASE_00766,val,KM1_AC,20,20,off,766000,1
CASE_00767,val,KM1_AC,20,20,off,767001,1
CASE_00768,val,KM1_AC,20,20,off,768002,1
CASE_00769,test,KM1_AC,20,30,normal,769000,1
CASE_00770,test,KM1_AC,20,30,normal,770001,1
CASE_00771,test,KM1_AC,20,30,normal,771002,1
CASE_00772,train,KM1_AC,20,30,reduced,772000,1
CASE_00773,train,KM1_AC,20,30,reduced,773001,1
CASE_00774,train,KM1_AC,20,30,reduced,774002,1
CASE_00775,test,KM1_AC,20,30,forced,775000,1
CASE_00776,test,KM1_AC,20,30,forced,776001,1
CASE_00778,train,KM1_AC,20,30,off,778000,1
CASE_00777,test,KM1_AC,20,30,forced,777002,1
CASE_00779,train,KM1_AC,20,30,off,779001,1
CASE_00780,train,KM1_AC,20,30,off,780002,1
CASE_00781,test,KM1_AC,25,0,normal,781000,0
CASE_00782,test,KM1_AC,25,0,normal,782001,0
CASE_00783,test,KM1_AC,25,0,normal,783002,0
CASE_00784,train,KM1_AC,25,0,reduced,784000,0
CASE_00785,train,KM1_AC,25,0,reduced,785001,0
CASE_00786,train,KM1_AC,25,0,reduced,786002,0
CASE_00787,train,KM1_AC,25,0,forced,787000,0
CASE_00788,train,KM1_AC,25,0,forced,788001,0
CASE_00789,train,KM1_AC,25,0,forced,789002,0
CASE_00790,train,KM1_AC,25,0,off,790000,0
CASE_00791,train,KM1_AC,25,0,off,791001,0
CASE_00792,train,KM1_AC,25,0,off,792002,0
CASE_00794,train,KM1_AC,25,5,normal,794001,1
CASE_00793,train,KM1_AC,25,5,normal,793000,1
CASE_00795,train,KM1_AC,25,5,normal,795002,1
CASE_00796,train,KM1_AC,25,5,reduced,796000,1
CASE_00797,train,KM1_AC,25,5,reduced,797001,1
CASE_00798,train,KM1_AC,25,5,reduced,798002,1
CASE_00799,train,KM1_AC,25,5,forced,799000,1
CASE_00800,train,KM1_AC,25,5,forced,800001,1
CASE_00801,train,KM1_AC,25,5,forced,801002,1
CASE_00802,train,KM1_AC,25,5,off,802000,1
CASE_00803,train,KM1_AC,25,5,off,803001,1
CASE_00804,train,KM1_AC,25,5,off,804002,1
CASE_00805,train,KM1_AC,25,10,normal,805000,1
CASE_00806,train,KM1_AC,25,10,normal,806001,1
CASE_00807,train,KM1_AC,25,10,normal,807002,1
CASE_00808,train,KM1_AC,25,10,reduced,808000,1
CASE_00810,train,KM1_AC,25,10,reduced,810002,1
CASE_00809,train,KM1_AC,25,10,reduced,809001,1
CASE_00811,train,KM1_AC,25,10,forced,811000,1
CASE_00812,train,KM1_AC,25,10,forced,812001,1
CASE_00813,train,KM1_AC,25,10,forced,813002,1
CASE_00814,train,KM1_AC,25,10,off,814000,1
CASE_00815,train,KM1_AC,25,10,off,815001,1
CASE_00817,train,KM1_AC,25,20,normal,817000,1
CASE_00818,train,KM1_AC,25,20,normal,818001,1
CASE_00816,train,KM1_AC,25,10,off,816002,1
CASE_00819,train,KM1_AC,25,20,normal,819002,1
CASE_00820,train,KM1_AC,25,20,reduced,820000,1
CASE_00821,train,KM1_AC,25,20,reduced,821001,1
CASE_00822,train,KM1_AC,25,20,reduced,822002,1
CASE_00823,train,KM1_AC,25,20,forced,823000,1
CASE_00824,train,KM1_AC,25,20,forced,824001,1
CASE_00825,train,KM1_AC,25,20,forced,825002,1
CASE_00826,test,KM1_AC,25,20,off,826000,1
CASE_00827,test,KM1_AC,25,20,off,827001,1
CASE_00828,test,KM1_AC,25,20,off,828002,1
CASE_00830,val,KM1_AC,25,30,normal,830001,1
CASE_00829,val,KM1_AC,25,30,normal,829000,1
CASE_00831,val,KM1_AC,25,30,normal,831002,1
CASE_00832,val,KM1_AC,25,30,reduced,832000,1
CASE_00833,val,KM1_AC,25,30,reduced,833001,1
CASE_00834,val,KM1_AC,25,30,reduced,834002,1
CASE_00835,train,KM1_AC,25,30,forced,835000,1
CASE_00836,train,KM1_AC,25,30,forced,836001,1
CASE_00837,train,KM1_AC,25,30,forced,837002,1
CASE_00838,val,KM1_AC,25,30,off,838000,1
CASE_00839,val,KM1_AC,25,30,off,839001,1
CASE_00840,val,KM1_AC,25,30,off,840002,1
CASE_00841,train,KM1_AC,30,0,normal,841000,1
CASE_00842,train,KM1_AC,30,0,normal,842001,1
CASE_00843,train,KM1_AC,30,0,normal,843002,1
CASE_00844,train,KM1_AC,30,0,reduced,844000,1
CASE_00845,train,KM1_AC,30,0,reduced,845001,1
CASE_00846,train,KM1_AC,30,0,reduced,846002,1
CASE_00847,train,KM1_AC,30,0,forced,847000,1
CASE_00848,train,KM1_AC,30,0,forced,848001,1
CASE_00853,train,KM1_AC,30,5,normal,853000,1
CASE_00854,train,KM1_AC,30,5,normal,854001,1
CASE_00855,train,KM1_AC,30,5,normal,855002,1
CASE_00849,train,KM1_AC,30,0,forced,849002,1
CASE_00850,test,KM1_AC,30,0,off,850000,1
CASE_00851,test,KM1_AC,30,0,off,851001,1
CASE_00856,train,KM1_AC,30,5,reduced,856000,1
CASE_00852,test,KM1_AC,30,0,off,852002,1
CASE_00857,train,KM1_AC,30,5,reduced,857001,1
CASE_00858,train,KM1_AC,30,5,reduced,858002,1
CASE_00859,test,KM1_AC,30,5,forced,859000,1
CASE_00860,test,KM1_AC,30,5,forced,860001,1
CASE_00861,test,KM1_AC,30,5,forced,861002,1
CASE_00862,test,KM1_AC,30,5,off,862000,1
CASE_00863,test,KM1_AC,30,5,off,863001,1
CASE_00864,test,KM1_AC,30,5,off,864002,1
CASE_00865,val,KM1_AC,30,10,normal,865000,1
CASE_00866,val,KM1_AC,30,10,normal,866001,1
CASE_00867,val,KM1_AC,30,10,normal,867002,1
CASE_00868,train,KM1_AC,30,10,reduced,868000,1
CASE_00869,train,KM1_AC,30,10,reduced,869001,1
CASE_00870,train,KM1_AC,30,10,reduced,870002,1
CASE_00871,val,KM1_AC,30,10,forced,871000,1
CASE_00872,val,KM1_AC,30,10,forced,872001,1
CASE_00873,val,KM1_AC,30,10,forced,873002,1
CASE_00874,train,KM1_AC,30,10,off,874000,1
CASE_00877,test,KM1_AC,30,20,normal,877000,1
CASE_00878,test,KM1_AC,30,20,normal,878001,1
CASE_00875,train,KM1_AC,30,10,off,875001,1
CASE_00876,train,KM1_AC,30,10,off,876002,1
CASE_00879,test,KM1_AC,30,20,normal,879002,1
CASE_00880,train,KM1_AC,30,20,reduced,880000,1
CASE_00881,train,KM1_AC,30,20,reduced,881001,1
CASE_00882,train,KM1_AC,30,20,reduced,882002,1
CASE_00883,train,KM1_AC,30,20,forced,883000,1
CASE_00884,train,KM1_AC,30,20,forced,884001,1
CASE_00885,train,KM1_AC,30,20,forced,885002,1
CASE_00886,train,KM1_AC,30,20,off,886000,1
CASE_00887,train,KM1_AC,30,20,off,887001,1
CASE_00888,train,KM1_AC,30,20,off,888002,1
CASE_00889,test,KM1_AC,30,30,normal,889000,1
CASE_00890,test,KM1_AC,30,30,normal,890001,1
CASE_00892,train,KM1_AC,30,30,reduced,892000,1
CASE_00891,test,KM1_AC,30,30,normal,891002,1
CASE_00893,train,KM1_AC,30,30,reduced,893001,1
CASE_00894,train,KM1_AC,30,30,reduced,894002,1
CASE_00895,test,KM1_AC,30,30,forced,895000,1
CASE_00896,test,KM1_AC,30,30,forced,896001,1
CASE_00897,test,KM1_AC,30,30,forced,897002,1
CASE_00898,train,KM1_AC,30,30,off,898000,1
CASE_00899,train,KM1_AC,30,30,off,899001,1
CASE_00900,train,KM1_AC,30,30,off,900002,1
CASE_00902,train,KM1_AC,35,0,normal,902001,1
CASE_00901,train,KM1_AC,35,0,normal,901000,1
CASE_00903,train,KM1_AC,35,0,normal,903002,1
CASE_00904,train,KM1_AC,35,0,reduced,904000,1
CASE_00905,train,KM1_AC,35,0,reduced,905001,1
CASE_00906,train,KM1_AC,35,0,reduced,906002,1
CASE_00907,train,KM1_AC,35,0,forced,907000,1
CASE_00908,train,KM1_AC,35,0,forced,908001,1
CASE_00913,val,KM1_AC,35,5,normal,913000,1
CASE_00909,train,KM1_AC,35,0,forced,909002,1
CASE_00910,test,KM1_AC,35,0,off,910000,1
CASE_00914,val,KM1_AC,35,5,normal,914001,1
CASE_00911,test,KM1_AC,35,0,off,911001,1
CASE_00915,val,KM1_AC,35,5,normal,915002,1
CASE_00916,train,KM1_AC,35,5,reduced,916000,1
CASE_00912,test,KM1_AC,35,0,off,912002,1
CASE_00918,train,KM1_AC,35,5,reduced,918002,1
CASE_00917,train,KM1_AC,35,5,reduced,917001,1
CASE_00919,test,KM1_AC,35,5,forced,919000,1
CASE_00920,test,KM1_AC,35,5,forced,920001,1
CASE_00921,test,KM1_AC,35,5,forced,921002,1
CASE_00922,train,KM1_AC,35,5,off,922000,1
CASE_00923,train,KM1_AC,35,5,off,923001,1
CASE_00924,train,KM1_AC,35,5,off,924002,1
CASE_00925,val,KM1_AC,35,10,normal,925000,1
CASE_00926,val,KM1_AC,35,10,normal,926001,1
CASE_00927,val,KM1_AC,35,10,normal,927002,1
CASE_00928,train,KM1_AC,35,10,reduced,928000,1
CASE_00929,train,KM1_AC,35,10,reduced,929001,1
CASE_00930,train,KM1_AC,35,10,reduced,930002,1
CASE_00931,train,KM1_AC,35,10,forced,931000,1
CASE_00932,train,KM1_AC,35,10,forced,932001,1
CASE_00937,train,KM1_AC,35,20,normal,937000,1
CASE_00938,train,KM1_AC,35,20,normal,938001,1
CASE_00933,train,KM1_AC,35,10,forced,933002,1
CASE_00934,train,KM1_AC,35,10,off,934000,1
CASE_00935,train,KM1_AC,35,10,off,935001,1
CASE_00939,train,KM1_AC,35,20,normal,939002,1
CASE_00936,train,KM1_AC,35,10,off,936002,1
CASE_00940,train,KM1_AC,35,20,reduced,940000,1
CASE_00942,train,KM1_AC,35,20,reduced,942002,1
CASE_00941,train,KM1_AC,35,20,reduced,941001,1
CASE_00943,train,KM1_AC,35,20,forced,943000,1
CASE_00944,train,KM1_AC,35,20,forced,944001,1
CASE_00945,train,KM1_AC,35,20,forced,945002,1
CASE_00947,train,KM1_AC,35,20,off,947001,1
CASE_00946,train,KM1_AC,35,20,off,946000,1
CASE_00948,train,KM1_AC,35,20,off,948002,1
CASE_00949,val,KM1_AC,35,30,normal,949000,1
CASE_00950,val,KM1_AC,35,30,normal,950001,1
CASE_00951,val,KM1_AC,35,30,normal,951002,1
CASE_00952,train,KM1_AC,35,30,reduced,952000,1
CASE_00953,train,KM1_AC,35,30,reduced,953001,1
CASE_00954,train,KM1_AC,35,30,reduced,954002,1
CASE_00955,train,KM1_AC,35,30,forced,955000,1
CASE_00956,train,KM1_AC,35,30,forced,956001,1
CASE_00957,train,KM1_AC,35,30,forced,957002,1
CASE_00958,test,KM1_AC,35,30,off,958000,1
CASE_00959,test,KM1_AC,35,30,off,959001,1
CASE_00960,test,KM1_AC,35,30,off,960002,1
CASE_00961,train,X1,2,0,normal,961000,0
CASE_00962,train,X1,2,0,normal,962001,0
CASE_00963,train,X1,2,0,normal,963002,0
CASE_00964,train,X1,2,0,reduced,964000,0
CASE_00965,train,X1,2,0,reduced,965001,0
CASE_00966,train,X1,2,0,reduced,966002,0
CASE_00967,train,X1,2,0,forced,967000,0
CASE_00968,train,X1,2,0,forced,968001,0
CASE_00969,train,X1,2,0,forced,969002,0
CASE_00970,train,X1,2,0,off,970000,0
CASE_00971,train,X1,2,0,off,971001,0
CASE_00972,train,X1,2,0,off,972002,0
CASE_00973,train,X1,2,5,normal,973000,0
CASE_00974,train,X1,2,5,normal,974001,0
CASE_00975,train,X1,2,5,normal,975002,0
CASE_00976,train,X1,2,5,reduced,976000,0
CASE_00977,train,X1,2,5,reduced,977001,0
CASE_00978,train,X1,2,5,reduced,978002,0
CASE_00979,train,X1,2,5,forced,979000,0
CASE_00980,train,X1,2,5,forced,980001,0
CASE_00981,train,X1,2,5,forced,981002,0
CASE_00982,train,X1,2,5,off,982000,0
CASE_00983,train,X1,2,5,off,983001,0
CASE_00984,train,X1,2,5,off,984002,0
CASE_00985,train,X1,2,10,normal,985000,0
CASE_00986,train,X1,2,10,normal,986001,0
CASE_00987,train,X1,2,10,normal,987002,0
CASE_00988,test,X1,2,10,reduced,988000,0
CASE_00989,test,X1,2,10,reduced,989001,0
CASE_00990,test,X1,2,10,reduced,990002,0
CASE_00991,train,X1,2,10,forced,991000,0
CASE_00992,train,X1,2,10,forced,992001,0
CASE_00993,train,X1,2,10,forced,993002,0
CASE_00994,train,X1,2,10,off,994000,0
CASE_00995,train,X1,2,10,off,995001,0
CASE_00996,train,X1,2,10,off,996002,0
CASE_00997,test,X1,2,20,normal,997000,0
CASE_00998,test,X1,2,20,normal,998001,0
CASE_01000,test,X1,2,20,reduced,1000000,0
CASE_00999,test,X1,2,20,normal,999002,0
CASE_01001,test,X1,2,20,reduced,1001001,0
CASE_01002,test,X1,2,20,reduced,1002002,0
CASE_01003,test,X1,2,20,forced,1003000,0
CASE_01004,test,X1,2,20,forced,1004001,0
CASE_01005,test,X1,2,20,forced,1005002,0
CASE_01006,train,X1,2,20,off,1006000,0
CASE_01007,train,X1,2,20,off,1007001,0
CASE_01008,train,X1,2,20,off,1008002,0
CASE_01009,test,X1,2,30,normal,1009000,0
CASE_01010,test,X1,2,30,normal,1010001,0
CASE_01011,test,X1,2,30,normal,1011002,0
CASE_01012,train,X1,2,30,reduced,1012000,0
CASE_01013,train,X1,2,30,reduced,1013001,0
CASE_01014,train,X1,2,30,reduced,1014002,0
CASE_01015,train,X1,2,30,forced,1015000,0
CASE_01016,train,X1,2,30,forced,1016001,0
CASE_01017,train,X1,2,30,forced,1017002,0
CASE_01018,train,X1,2,30,off,1018000,0
CASE_01019,train,X1,2,30,off,1019001,0
CASE_01020,train,X1,2,30,off,1020002,0
CASE_01021,test,X1,5,0,normal,1021000,0
CASE_01022,test,X1,5,0,normal,1022001,0
CASE_01023,test,X1,5,0,normal,1023002,0
CASE_01024,val,X1,5,0,reduced,1024000,0
CASE_01025,val,X1,5,0,reduced,1025001,0
CASE_01027,train,X1,5,0,forced,1027000,0
CASE_01026,val,X1,5,0,reduced,1026002,0
CASE_01028,train,X1,5,0,forced,1028001,0
CASE_01029,train,X1,5,0,forced,1029002,0
CASE_01030,train,X1,5,0,off,1030000,0
CASE_01031,train,X1,5,0,off,1031001,0
CASE_01032,train,X1,5,0,off,1032002,0
CASE_01033,train,X1,5,5,normal,1033000,0
CASE_01035,train,X1,5,5,normal,1035002,0
CASE_01034,train,X1,5,5,normal,1034001,0
CASE_01036,val,X1,5,5,reduced,1036000,0
CASE_01037,val,X1,5,5,reduced,1037001,0
CASE_01038,val,X1,5,5,reduced,1038002,0
CASE_01040,test,X1,5,5,forced,1040001,0
CASE_01039,test,X1,5,5,forced,1039000,0
CASE_01041,test,X1,5,5,forced,1041002,0
CASE_01042,train,X1,5,5,off,1042000,0
CASE_01043,train,X1,5,5,off,1043001,0
CASE_01044,train,X1,5,5,off,1044002,0
CASE_01045,train,X1,5,10,normal,1045000,0
CASE_01046,train,X1,5,10,normal,1046001,0
CASE_01048,train,X1,5,10,reduced,1048000,0
CASE_01047,train,X1,5,10,normal,1047002,0
CASE_01049,train,X1,5,10,reduced,1049001,0
CASE_01051,test,X1,5,10,forced,1051000,0
CASE_01050,train,X1,5,10,reduced,1050002,0
CASE_01052,test,X1,5,10,forced,1052001,0
CASE_01053,test,X1,5,10,forced,1053002,0
CASE_01054,val,X1,5,10,off,1054000,0
CASE_01055,val,X1,5,10,off,1055001,0
CASE_01056,val,X1,5,10,off,1056002,0
CASE_01057,train,X1,5,20,normal,1057000,0
CASE_01058,train,X1,5,20,normal,1058001,0
CASE_01059,train,X1,5,20,normal,1059002,0
CASE_01061,train,X1,5,20,reduced,1061001,0
CASE_01060,train,X1,5,20,reduced,1060000,0
CASE_01062,train,X1,5,20,reduced,1062002,0
CASE_01064,val,X1,5,20,forced,1064001,0
CASE_01063,val,X1,5,20,forced,1063000,0
CASE_01065,val,X1,5,20,forced,1065002,0
CASE_01066,train,X1,5,20,off,1066000,0
CASE_01067,train,X1,5,20,off,1067001,0
CASE_01068,train,X1,5,20,off,1068002,0
CASE_01069,train,X1,5,30,normal,1069000,0
CASE_01070,train,X1,5,30,normal,1070001,0
CASE_01071,train,X1,5,30,normal,1071002,0
CASE_01072,train,X1,5,30,reduced,1072000,0
CASE_01073,train,X1,5,30,reduced,1073001,0
CASE_01074,train,X1,5,30,reduced,1074002,0
CASE_01075,train,X1,5,30,forced,1075000,0
CASE_01076,train,X1,5,30,forced,1076001,0
CASE_01077,train,X1,5,30,forced,1077002,0
CASE_01078,train,X1,5,30,off,1078000,0
CASE_01079,train,X1,5,30,off,1079001,0
CASE_01080,train,X1,5,30,off,1080002,0
CASE_01081,train,X1,10,0,normal,1081000,0
CASE_01082,train,X1,10,0,normal,1082001,0
CASE_01083,train,X1,10,0,normal,1083002,0
CASE_01084,train,X1,10,0,reduced,1084000,0
CASE_01085,train,X1,10,0,reduced,1085001,0
CASE_01086,train,X1,10,0,reduced,1086002,0
CASE_01087,train,X1,10,0,forced,1087000,0
CASE_01088,train,X1,10,0,forced,1088001,0
CASE_01089,train,X1,10,0,forced,1089002,0
CASE_01090,train,X1,10,0,off,1090000,0
CASE_01091,train,X1,10,0,off,1091001,0
CASE_01092,train,X1,10,0,off,1092002,0
CASE_01093,train,X1,10,5,normal,1093000,0
CASE_01094,train,X1,10,5,normal,1094001,0
CASE_01095,train,X1,10,5,normal,1095002,0
CASE_01096,train,X1,10,5,reduced,1096000,0
CASE_01097,train,X1,10,5,reduced,1097001,0
CASE_01098,train,X1,10,5,reduced,1098002,0
CASE_01099,train,X1,10,5,forced,1099000,0
CASE_01100,train,X1,10,5,forced,1100001,0
CASE_01101,train,X1,10,5,forced,1101002,0
CASE_01102,test,X1,10,5,off,1102000,0
CASE_01103,test,X1,10,5,off,1103001,0
CASE_01104,test,X1,10,5,off,1104002,0
CASE_01105,train,X1,10,10,normal,1105000,0
CASE_01106,train,X1,10,10,normal,1106001,0
CASE_01107,train,X1,10,10,normal,1107002,0
CASE_01108,train,X1,10,10,reduced,1108000,0
CASE_01109,train,X1,10,10,reduced,1109001,0
CASE_01110,train,X1,10,10,reduced,1110002,0
CASE_01111,train,X1,10,10,forced,1111000,0
CASE_01112,train,X1,10,10,forced,1112001,0
CASE_01113,train,X1,10,10,forced,1113002,0
CASE_01114,train,X1,10,10,off,1114000,0
CASE_01115,train,X1,10,10,off,1115001,0
CASE_01116,train,X1,10,10,off,1116002,0
CASE_01118,test,X1,10,20,normal,1118001,0
CASE_01117,test,X1,10,20,normal,1117000,0
CASE_01119,test,X1,10,20,normal,1119002,0
CASE_01120,train,X1,10,20,reduced,1120000,0
CASE_01121,train,X1,10,20,reduced,1121001,0
CASE_01122,train,X1,10,20,reduced,1122002,0
CASE_01123,train,X1,10,20,forced,1123000,0
CASE_01124,train,X1,10,20,forced,1124001,0
CASE_01125,train,X1,10,20,forced,1125002,0
CASE_01126,train,X1,10,20,off,1126000,0
CASE_01127,train,X1,10,20,off,1127001,0
CASE_01128,train,X1,10,20,off,1128002,0
CASE_01129,test,X1,10,30,normal,1129000,0
CASE_01130,test,X1,10,30,normal,1130001,0
CASE_01131,test,X1,10,30,normal,1131002,0
CASE_01132,train,X1,10,30,reduced,1132000,0
CASE_01133,train,X1,10,30,reduced,1133001,0
CASE_01134,train,X1,10,30,reduced,1134002,0
CASE_01135,test,X1,10,30,forced,1135000,0
CASE_01136,test,X1,10,30,forced,1136001,0
CASE_01137,test,X1,10,30,forced,1137002,0
CASE_01138,test,X1,10,30,off,1138000,0
CASE_01139,test,X1,10,30,off,1139001,0
CASE_01140,test,X1,10,30,off,1140002,0
CASE_01141,val,X1,15,0,normal,1141000,0
CASE_01142,val,X1,15,0,normal,1142001,0
CASE_01143,val,X1,15,0,normal,1143002,0
CASE_01144,train,X1,15,0,reduced,1144000,0
CASE_01145,train,X1,15,0,reduced,1145001,0
CASE_01147,train,X1,15,0,forced,1147000,0
CASE_01146,train,X1,15,0,reduced,1146002,0
CASE_01148,train,X1,15,0,forced,1148001,0
CASE_01149,train,X1,15,0,forced,1149002,0
CASE_01150,train,X1,15,0,off,1150000,0
CASE_01151,train,X1,15,0,off,1151001,0
CASE_01152,train,X1,15,0,off,1152002,0
CASE_01153,test,X1,15,5,normal,1153000,1
CASE_01154,test,X1,15,5,normal,1154001,1
CASE_01155,test,X1,15,5,normal,1155002,1
CASE_01156,train,X1,15,5,reduced,1156000,1
CASE_01157,train,X1,15,5,reduced,1157001,1
CASE_01159,val,X1,15,5,forced,1159000,1
CASE_01160,val,X1,15,5,forced,1160001,1
CASE_01158,train,X1,15,5,reduced,1158002,1
CASE_01161,val,X1,15,5,forced,1161002,1
CASE_01165,val,X1,15,10,normal,1165000,1
CASE_01162,val,X1,15,5,off,1162000,1
CASE_01164,val,X1,15,5,off,1164002,1
CASE_01163,val,X1,15,5,off,1163001,1
CASE_01166,val,X1,15,10,normal,1166001,1
CASE_01167,val,X1,15,10,normal,1167002,1
CASE_01168,train,X1,15,10,reduced,1168000,1
CASE_01169,train,X1,15,10,reduced,1169001,1
CASE_01170,train,X1,15,10,reduced,1170002,1
CASE_01172,train,X1,15,10,forced,1172001,1
CASE_01173,train,X1,15,10,forced,1173002,1
CASE_01171,train,X1,15,10,forced,1171000,1
CASE_01174,test,X1,15,10,off,1174000,1
CASE_01175,test,X1,15,10,off,1175001,1
CASE_01176,test,X1,15,10,off,1176002,1
CASE_01177,train,X1,15,20,normal,1177000,1
CASE_01178,train,X1,15,20,normal,1178001,1
CASE_01179,train,X1,15,20,normal,1179002,1
CASE_01180,train,X1,15,20,reduced,1180000,1
CASE_01181,train,X1,15,20,reduced,1181001,1
CASE_01182,train,X1,15,20,reduced,1182002,1
CASE_01183,train,X1,15,20,forced,1183000,1
CASE_01184,train,X1,15,20,forced,1184001,1
CASE_01185,train,X1,15,20,forced,1185002,1
CASE_01186,train,X1,15,20,off,1186000,1
CASE_01187,train,X1,15,20,off,1187001,1
CASE_01189,train,X1,15,30,normal,1189000,1
CASE_01190,train,X1,15,30,normal,1190001,1
CASE_01191,train,X1,15,30,normal,1191002,1
CASE_01188,train,X1,15,20,off,1188002,1
CASE_01192,val,X1,15,30,reduced,1192000,1
CASE_01193,val,X1,15,30,reduced,1193001,1
CASE_01194,val,X1,15,30,reduced,1194002,1
CASE_01195,val,X1,15,30,forced,1195000,1
CASE_01196,val,X1,15,30,forced,1196001,1
CASE_01197,val,X1,15,30,forced,1197002,1
CASE_01198,train,X1,15,30,off,1198000,1
CASE_01199,train,X1,15,30,off,1199001,1
CASE_01200,train,X1,15,30,off,1200002,1
CASE_01201,val,X1,20,0,normal,1201000,0
CASE_01202,val,X1,20,0,normal,1202001,0
CASE_01203,val,X1,20,0,normal,1203002,0
CASE_01204,test,X1,20,0,reduced,1204000,0
CASE_01205,test,X1,20,0,reduced,1205001,0
CASE_01206,test,X1,20,0,reduced,1206002,0
CASE_01207,val,X1,20,0,forced,1207000,0
CASE_01208,val,X1,20,0,forced,1208001,0
CASE_01209,val,X1,20,0,forced,1209002,0
CASE_01213,train,X1,20,5,normal,1213000,1
CASE_01214,train,X1,20,5,normal,1214001,1
CASE_01215,train,X1,20,5,normal,1215002,1
CASE_01216,val,X1,20,5,reduced,1216000,1
CASE_01210,train,X1,20,0,off,1210000,0
CASE_01211,train,X1,20,0,off,1211001,0
CASE_01212,train,X1,20,0,off,1212002,0
CASE_01217,val,X1,20,5,reduced,1217001,1
CASE_01219,train,X1,20,5,forced,1219000,1
CASE_01218,val,X1,20,5,reduced,1218002,1
CASE_01220,train,X1,20,5,forced,1220001,1
CASE_01221,train,X1,20,5,forced,1221002,1
CASE_01222,val,X1,20,5,off,1222000,1
CASE_01223,val,X1,20,5,off,1223001,1
CASE_01224,val,X1,20,5,off,1224002,1
CASE_01225,val,X1,20,10,normal,1225000,1
CASE_01226,val,X1,20,10,normal,1226001,1
CASE_01227,val,X1,20,10,normal,1227002,1
CASE_01228,train,X1,20,10,reduced,1228000,1
CASE_01229,train,X1,20,10,reduced,1229001,1
CASE_01230,train,X1,20,10,reduced,1230002,1
CASE_01231,train,X1,20,10,forced,1231000,1
CASE_01232,train,X1,20,10,forced,1232001,1
CASE_01233,train,X1,20,10,forced,1233002,1
CASE_01237,train,X1,20,20,normal,1237000,1
CASE_01234,test,X1,20,10,off,1234000,1
CASE_01235,test,X1,20,10,off,1235001,1
CASE_01236,test,X1,20,10,off,1236002,1
CASE_01238,train,X1,20,20,normal,1238001,1
CASE_01239,train,X1,20,20,normal,1239002,1
CASE_01240,test,X1,20,20,reduced,1240000,1
CASE_01241,test,X1,20,20,reduced,1241001,1
CASE_01242,test,X1,20,20,reduced,1242002,1
CASE_01244,train,X1,20,20,forced,1244001,1
CASE_01243,train,X1,20,20,forced,1243000,1
CASE_01245,train,X1,20,20,forced,1245002,1
CASE_01246,train,X1,20,20,off,1246000,1
CASE_01247,train,X1,20,20,off,1247001,1
CASE_01248,train,X1,20,20,off,1248002,1
CASE_01249,val,X1,20,30,normal,1249000,1
CASE_01250,val,X1,20,30,normal,1250001,1
CASE_01251,val,X1,20,30,normal,1251002,1
CASE_01252,train,X1,20,30,reduced,1252000,1
CASE_01253,train,X1,20,30,reduced,1253001,1
CASE_01254,train,X1,20,30,reduced,1254002,1
CASE_01255,train,X1,20,30,forced,1255000,1
CASE_01256,train,X1,20,30,forced,1256001,1
CASE_01257,train,X1,20,30,forced,1257002,1
CASE_01258,test,X1,20,30,off,1258000,1
CASE_01259,test,X1,20,30,off,1259001,1
CASE_01260,test,X1,20,30,off,1260002,1
CASE_01261,train,X1,25,0,normal,1261000,1
CASE_01262,train,X1,25,0,normal,1262001,1
CASE_01263,train,X1,25,0,normal,1263002,1
CASE_01264,train,X1,25,0,reduced,1264000,1
CASE_01265,train,X1,25,0,reduced,1265001,1
CASE_01267,train,X1,25,0,forced,1267000,1
CASE_01268,train,X1,25,0,forced,1268001,1
CASE_01266,train,X1,25,0,reduced,1266002,1
CASE_01269,train,X1,25,0,forced,1269002,1
CASE_01273,train,X1,25,5,normal,1273000,1
CASE_01274,train,X1,25,5,normal,1274001,1
CASE_01270,train,X1,25,0,off,1270000,1
CASE_01271,train,X1,25,0,off,1271001,1
CASE_01275,train,X1,25,5,normal,1275002,1
CASE_01276,val,X1,25,5,reduced,1276000,1
CASE_01272,train,X1,25,0,off,1272002,1
CASE_01277,val,X1,25,5,reduced,1277001,1
CASE_01278,val,X1,25,5,reduced,1278002,1
CASE_01279,train,X1,25,5,forced,1279000,1
CASE_01281,train,X1,25,5,forced,1281002,1
CASE_01280,train,X1,25,5,forced,1280001,1
CASE_01282,train,X1,25,5,off,1282000,1
CASE_01283,train,X1,25,5,off,1283001,1
CASE_01284,train,X1,25,5,off,1284002,1
CASE_01285,train,X1,25,10,normal,1285000,1
CASE_01286,train,X1,25,10,normal,1286001,1
CASE_01288,train,X1,25,10,reduced,1288000,1
CASE_01287,train,X1,25,10,normal,1287002,1
CASE_01289,train,X1,25,10,reduced,1289001,1
CASE_01290,train,X1,25,10,reduced,1290002,1
CASE_01291,train,X1,25,10,forced,1291000,1
CASE_01292,train,X1,25,10,forced,1292001,1
CASE_01297,train,X1,25,20,normal,1297000,1
CASE_01298,train,X1,25,20,normal,1298001,1
CASE_01293,train,X1,25,10,forced,1293002,1
CASE_01299,train,X1,25,20,normal,1299002,1
CASE_01294,train,X1,25,10,off,1294000,1
CASE_01296,train,X1,25,10,off,1296002,1
CASE_01295,train,X1,25,10,off,1295001,1
CASE_01300,test,X1,25,20,reduced,1300000,1
CASE_01301,test,X1,25,20,reduced,1301001,1
CASE_01302,test,X1,25,20,reduced,1302002,1
CASE_01303,train,X1,25,20,forced,1303000,1
CASE_01304,train,X1,25,20,forced,1304001,1
CASE_01305,train,X1,25,20,forced,1305002,1
CASE_01307,train,X1,25,20,off,1307001,1
CASE_01306,train,X1,25,20,off,1306000,1
CASE_01308,train,X1,25,20,off,1308002,1
CASE_01309,train,X1,25,30,normal,1309000,1
CASE_01310,train,X1,25,30,normal,1310001,1
CASE_01311,train,X1,25,30,normal,1311002,1
CASE_01312,test,X1,25,30,reduced,1312000,1
CASE_01313,test,X1,25,30,reduced,1313001,1
CASE_01314,test,X1,25,30,reduced,1314002,1
CASE_01315,train,X1,25,30,forced,1315000,1
CASE_01316,train,X1,25,30,forced,1316001,1
CASE_01317,train,X1,25,30,forced,1317002,1
CASE_01318,val,X1,25,30,off,1318000,1
CASE_01319,val,X1,25,30,off,1319001,1
CASE_01320,val,X1,25,30,off,1320002,1
CASE_01321,val,X1,30,0,normal,1321000,1
CASE_01322,val,X1,30,0,normal,1322001,1
CASE_01323,val,X1,30,0,normal,1323002,1
CASE_01324,train,X1,30,0,reduced,1324000,1
CASE_01325,train,X1,30,0,reduced,1325001,1
CASE_01326,train,X1,30,0,reduced,1326002,1
CASE_01327,test,X1,30,0,forced,1327000,1
CASE_01328,test,X1,30,0,forced,1328001,1
CASE_01329,test,X1,30,0,forced,1329002,1
CASE_01330,train,X1,30,0,off,1330000,1
CASE_01333,train,X1,30,5,normal,1333000,1
CASE_01331,train,X1,30,0,off,1331001,1
CASE_01334,train,X1,30,5,normal,1334001,1
CASE_01335,train,X1,30,5,normal,1335002,1
CASE_01336,train,X1,30,5,reduced,1336000,1
CASE_01332,train,X1,30,0,off,1332002,1
CASE_01337,train,X1,30,5,reduced,1337001,1
CASE_01338,train,X1,30,5,reduced,1338002,1
CASE_01339,val,X1,30,5,forced,1339000,1
CASE_01340,val,X1,30,5,forced,1340001,1
CASE_01341,val,X1,30,5,forced,1341002,1
CASE_01342,val,X1,30,5,off,1342000,1
CASE_01343,val,X1,30,5,off,1343001,1
CASE_01344,val,X1,30,5,off,1344002,1
CASE_01346,train,X1,30,10,normal,1346001,1
CASE_01345,train,X1,30,10,normal,1345000,1
CASE_01347,train,X1,30,10,normal,1347002,1
CASE_01348,train,X1,30,10,reduced,1348000,1
CASE_01349,train,X1,30,10,reduced,1349001,1
CASE_01350,train,X1,30,10,reduced,1350002,1
CASE_01352,train,X1,30,10,forced,1352001,1
CASE_01351,train,X1,30,10,forced,1351000,1
CASE_01357,train,X1,30,20,normal,1357000,1
CASE_01353,train,X1,30,10,forced,1353002,1
CASE_01358,train,X1,30,20,normal,1358001,1
CASE_01354,train,X1,30,10,off,1354000,1
CASE_01355,train,X1,30,10,off,1355001,1
CASE_01356,train,X1,30,10,off,1356002,1
CASE_01359,train,X1,30,20,normal,1359002,1
CASE_01360,val,X1,30,20,reduced,1360000,1
CASE_01361,val,X1,30,20,reduced,1361001,1
CASE_01362,val,X1,30,20,reduced,1362002,1
CASE_01363,train,X1,30,20,forced,1363000,1
CASE_01364,train,X1,30,20,forced,1364001,1
CASE_01365,train,X1,30,20,forced,1365002,1
CASE_01366,train,X1,30,20,off,1366000,1
CASE_01368,train,X1,30,20,off,1368002,1
CASE_01367,train,X1,30,20,off,1367001,1
CASE_01369,train,X1,30,30,normal,1369000,1
CASE_01370,train,X1,30,30,normal,1370001,1
CASE_01371,train,X1,30,30,normal,1371002,1
CASE_01372,val,X1,30,30,reduced,1372000,1
CASE_01373,val,X1,30,30,reduced,1373001,1
CASE_01374,val,X1,30,30,reduced,1374002,1
CASE_01376,train,X1,30,30,forced,1376001,1
CASE_01375,train,X1,30,30,forced,1375000,1
CASE_01377,train,X1,30,30,forced,1377002,1
CASE_01378,test,X1,30,30,off,1378000,1
CASE_01379,test,X1,30,30,off,1379001,1
CASE_01380,test,X1,30,30,off,1380002,1
CASE_01381,test,X1,35,0,normal,1381000,1
CASE_01382,test,X1,35,0,normal,1382001,1
CASE_01383,test,X1,35,0,normal,1383002,1
CASE_01384,train,X1,35,0,reduced,1384000,1
CASE_01385,train,X1,35,0,reduced,1385001,1
CASE_01386,train,X1,35,0,reduced,1386002,1
CASE_01388,train,X1,35,0,forced,1388001,1
CASE_01387,train,X1,35,0,forced,1387000,1
CASE_01389,train,X1,35,0,forced,1389002,1
CASE_01390,train,X1,35,0,off,1390000,1
CASE_01393,train,X1,35,5,normal,1393000,1
CASE_01394,train,X1,35,5,normal,1394001,1
CASE_01391,train,X1,35,0,off,1391001,1
CASE_01392,train,X1,35,0,off,1392002,1
CASE_01395,train,X1,35,5,normal,1395002,1
CASE_01396,train,X1,35,5,reduced,1396000,1
CASE_01397,train,X1,35,5,reduced,1397001,1
CASE_01398,train,X1,35,5,reduced,1398002,1
CASE_01399,train,X1,35,5,forced,1399000,1
CASE_01400,train,X1,35,5,forced,1400001,1
CASE_01401,train,X1,35,5,forced,1401002,1
CASE_01402,train,X1,35,5,off,1402000,1
CASE_01403,train,X1,35,5,off,1403001,1
CASE_01404,train,X1,35,5,off,1404002,1
CASE_01405,train,X1,35,10,normal,1405000,1
CASE_01406,train,X1,35,10,normal,1406001,1
CASE_01407,train,X1,35,10,normal,1407002,1
CASE_01408,test,X1,35,10,reduced,1408000,1
CASE_01409,test,X1,35,10,reduced,1409001,1
CASE_01411,train,X1,35,10,forced,1411000,1
CASE_01410,test,X1,35,10,reduced,1410002,1
CASE_01412,train,X1,35,10,forced,1412001,1
CASE_01413,train,X1,35,10,forced,1413002,1
CASE_01414,test,X1,35,10,off,1414000,1
CASE_01417,val,X1,35,20,normal,1417000,1
CASE_01415,test,X1,35,10,off,1415001,1
CASE_01418,val,X1,35,20,normal,1418001,1
CASE_01416,test,X1,35,10,off,1416002,1
CASE_01419,val,X1,35,20,normal,1419002,1
CASE_01420,train,X1,35,20,reduced,1420000,1
CASE_01421,train,X1,35,20,reduced,1421001,1
CASE_01422,train,X1,35,20,reduced,1422002,1
CASE_01423,train,X1,35,20,forced,1423000,1
CASE_01424,train,X1,35,20,forced,1424001,1
CASE_01425,train,X1,35,20,forced,1425002,1
CASE_01426,train,X1,35,20,off,1426000,1
CASE_01427,train,X1,35,20,off,1427001,1
CASE_01428,train,X1,35,20,off,1428002,1
CASE_01429,train,X1,35,30,normal,1429000,1
CASE_01430,train,X1,35,30,normal,1430001,1
CASE_01434,train,X1,35,30,reduced,1434002,1
CASE_01431,train,X1,35,30,normal,1431002,1
CASE_01433,train,X1,35,30,reduced,1433001,1
CASE_01432,train,X1,35,30,reduced,1432000,1
CASE_01435,train,X1,35,30,forced,1435000,1
CASE_01436,train,X1,35,30,forced,1436001,1
CASE_01437,train,X1,35,30,forced,1437002,1
CASE_01438,val,X1,35,30,off,1438000,1
CASE_01439,val,X1,35,30,off,1439001,1
CASE_01440,val,X1,35,30,off,1440002,1
CASE_01441,train,X2,2,0,normal,1441000,0
CASE_01442,train,X2,2,0,normal,1442001,0
CASE_01444,train,X2,2,0,reduced,1444000,0
CASE_01443,train,X2,2,0,normal,1443002,0
CASE_01445,train,X2,2,0,reduced,1445001,0
CASE_01446,train,X2,2,0,reduced,1446002,0
CASE_01447,val,X2,2,0,forced,1447000,0
CASE_01448,val,X2,2,0,forced,1448001,0
CASE_01449,val,X2,2,0,forced,1449002,0
CASE_01450,train,X2,2,0,off,1450000,0
CASE_01451,train,X2,2,0,off,1451001,0
CASE_01452,train,X2,2,0,off,1452002,0
CASE_01453,val,X2,2,5,normal,1453000,0
CASE_01454,val,X2,2,5,normal,1454001,0
CASE_01455,val,X2,2,5,normal,1455002,0
CASE_01456,train,X2,2,5,reduced,1456000,0
CASE_01457,train,X2,2,5,reduced,1457001,0
CASE_01458,train,X2,2,5,reduced,1458002,0
CASE_01459,test,X2,2,5,forced,1459000,0
CASE_01460,test,X2,2,5,forced,1460001,0
CASE_01461,test,X2,2,5,forced,1461002,0
CASE_01462,train,X2,2,5,off,1462000,0
CASE_01463,train,X2,2,5,off,1463001,0
CASE_01464,train,X2,2,5,off,1464002,0
CASE_01465,train,X2,2,10,normal,1465000,0
CASE_01466,train,X2,2,10,normal,1466001,0
CASE_01467,train,X2,2,10,normal,1467002,0
CASE_01468,train,X2,2,10,reduced,1468000,0
CASE_01469,train,X2,2,10,reduced,1469001,0
CASE_01470,train,X2,2,10,reduced,1470002,0
CASE_01471,train,X2,2,10,forced,1471000,0
CASE_01472,train,X2,2,10,forced,1472001,0
CASE_01473,train,X2,2,10,forced,1473002,0
CASE_01474,val,X2,2,10,off,1474000,0
CASE_01475,val,X2,2,10,off,1475001,0
CASE_01476,val,X2,2,10,off,1476002,0
CASE_01477,test,X2,2,20,normal,1477000,0
CASE_01478,test,X2,2,20,normal,1478001,0
CASE_01479,test,X2,2,20,normal,1479002,0
CASE_01480,train,X2,2,20,reduced,1480000,0
CASE_01481,train,X2,2,20,reduced,1481001,0
CASE_01482,train,X2,2,20,reduced,1482002,0
CASE_01483,val,X2,2,20,forced,1483000,0
CASE_01484,val,X2,2,20,forced,1484001,0
CASE_01485,val,X2,2,20,forced,1485002,0
CASE_01486,val,X2,2,20,off,1486000,0
CASE_01487,val,X2,2,20,off,1487001,0
CASE_01488,val,X2,2,20,off,1488002,0
CASE_01489,train,X2,2,30,normal,1489000,0
CASE_01490,train,X2,2,30,normal,1490001,0
CASE_01491,train,X2,2,30,normal,1491002,0
CASE_01492,train,X2,2,30,reduced,1492000,0
CASE_01493,train,X2,2,30,reduced,1493001,0
CASE_01495,test,X2,2,30,forced,1495000,0
CASE_01494,train,X2,2,30,reduced,1494002,0
CASE_01496,test,X2,2,30,forced,1496001,0
CASE_01498,train,X2,2,30,off,1498000,0
CASE_01497,test,X2,2,30,forced,1497002,0
CASE_01499,train,X2,2,30,off,1499001,0
CASE_01500,train,X2,2,30,off,1500002,0
CASE_01501,train,X2,5,0,normal,1501000,0
CASE_01502,train,X2,5,0,normal,1502001,0
CASE_01503,train,X2,5,0,normal,1503002,0
CASE_01504,train,X2,5,0,reduced,1504000,0
CASE_01505,train,X2,5,0,reduced,1505001,0
CASE_01506,train,X2,5,0,reduced,1506002,0
CASE_01507,train,X2,5,0,forced,1507000,0
CASE_01508,train,X2,5,0,forced,1508001,0
CASE_01509,train,X2,5,0,forced,1509002,0
CASE_01510,train,X2,5,0,off,1510000,0
CASE_01511,train,X2,5,0,off,1511001,0
CASE_01512,train,X2,5,0,off,1512002,0
CASE_01513,test,X2,5,5,normal,1513000,0
CASE_01514,test,X2,5,5,normal,1514001,0
CASE_01515,test,X2,5,5,normal,1515002,0
CASE_01516,train,X2,5,5,reduced,1516000,0
CASE_01517,train,X2,5,5,reduced,1517001,0
CASE_01518,train,X2,5,5,reduced,1518002,0
CASE_01519,train,X2,5,5,forced,1519000,0
CASE_01520,train,X2,5,5,forced,1520001,0
CASE_01521,train,X2,5,5,forced,1521002,0
CASE_01522,test,X2,5,5,off,1522000,0
CASE_01524,test,X2,5,5,off,1524002,0
CASE_01523,test,X2,5,5,off,1523001,0
CASE_01525,train,X2,5,10,normal,1525000,0
CASE_01526,train,X2,5,10,normal,1526001,0
CASE_01527,train,X2,5,10,normal,1527002,0
CASE_01528,train,X2,5,10,reduced,1528000,0
CASE_01529,train,X2,5,10,reduced,1529001,0
CASE_01530,train,X2,5,10,reduced,1530002,0
CASE_01531,train,X2,5,10,forced,1531000,0
CASE_01532,train,X2,5,10,forced,1532001,0
CASE_01533,train,X2,5,10,forced,1533002,0
CASE_01534,train,X2,5,10,off,1534000,0
CASE_01535,train,X2,5,10,off,1535001,0
CASE_01536,train,X2,5,10,off,1536002,0
CASE_01537,train,X2,5,20,normal,1537000,0
CASE_01538,train,X2,5,20,normal,1538001,0
CASE_01539,train,X2,5,20,normal,1539002,0
CASE_01540,train,X2,5,20,reduced,1540000,0
CASE_01541,train,X2,5,20,reduced,1541001,0
CASE_01542,train,X2,5,20,reduced,1542002,0
CASE_01543,train,X2,5,20,forced,1543000,0
CASE_01544,train,X2,5,20,forced,1544001,0
CASE_01545,train,X2,5,20,forced,1545002,0
CASE_01546,test,X2,5,20,off,1546000,0
CASE_01547,test,X2,5,20,off,1547001,0
CASE_01548,test,X2,5,20,off,1548002,0
CASE_01549,train,X2,5,30,normal,1549000,0
CASE_01550,train,X2,5,30,normal,1550001,0
CASE_01551,train,X2,5,30,normal,1551002,0
CASE_01552,test,X2,5,30,reduced,1552000,0
CASE_01553,test,X2,5,30,reduced,1553001,0
CASE_01554,test,X2,5,30,reduced,1554002,0
CASE_01555,train,X2,5,30,forced,1555000,0
CASE_01556,train,X2,5,30,forced,1556001,0
CASE_01557,train,X2,5,30,forced,1557002,0
CASE_01558,train,X2,5,30,off,1558000,0
CASE_01559,train,X2,5,30,off,1559001,0
CASE_01560,train,X2,5,30,off,1560002,0
CASE_01561,train,X2,10,0,normal,1561000,0
CASE_01562,train,X2,10,0,normal,1562001,0
CASE_01563,train,X2,10,0,normal,1563002,0
CASE_01565,test,X2,10,0,reduced,1565001,0
CASE_01566,test,X2,10,0,reduced,1566002,0
CASE_01564,test,X2,10,0,reduced,1564000,0
CASE_01567,val,X2,10,0,forced,1567000,0
CASE_01568,val,X2,10,0,forced,1568001,0
CASE_01569,val,X2,10,0,forced,1569002,0
CASE_01570,val,X2,10,0,off,1570000,0
CASE_01573,test,X2,10,5,normal,1573000,0
CASE_01571,val,X2,10,0,off,1571001,0
CASE_01572,val,X2,10,0,off,1572002,0
CASE_01574,test,X2,10,5,normal,1574001,0
CASE_01575,test,X2,10,5,normal,1575002,0
CASE_01576,train,X2,10,5,reduced,1576000,0
CASE_01577,train,X2,10,5,reduced,1577001,0
CASE_01578,train,X2,10,5,reduced,1578002,0
CASE_01579,train,X2,10,5,forced,1579000,0
CASE_01581,train,X2,10,5,forced,1581002,0
CASE_01580,train,X2,10,5,forced,1580001,0
CASE_01582,val,X2,10,5,off,1582000,0
CASE_01583,val,X2,10,5,off,1583001,0
CASE_01584,val,X2,10,5,off,1584002,0
CASE_01585,train,X2,10,10,normal,1585000,0
CASE_01586,train,X2,10,10,normal,1586001,0
CASE_01587,train,X2,10,10,normal,1587002,0
CASE_01588,train,X2,10,10,reduced,1588000,0
CASE_01591,train,X2,10,10,forced,1591000,0
CASE_01589,train,X2,10,10,reduced,1589001,0
CASE_01590,train,X2,10,10,reduced,1590002,0
CASE_01592,train,X2,10,10,forced,1592001,0
CASE_01593,train,X2,10,10,forced,1593002,0
CASE_01594,train,X2,10,10,off,1594000,0
CASE_01595,train,X2,10,10,off,1595001,0
CASE_01596,train,X2,10,10,off,1596002,0
CASE_01597,train,X2,10,20,normal,1597000,0
CASE_01599,train,X2,10,20,normal,1599002,0
CASE_01598,train,X2,10,20,normal,1598001,0
CASE_01600,val,X2,10,20,reduced,1600000,0
CASE_01601,val,X2,10,20,reduced,1601001,0
CASE_01602,val,X2,10,20,reduced,1602002,0
CASE_01603,train,X2,10,20,forced,1603000,0
CASE_01604,train,X2,10,20,forced,1604001,0
CASE_01605,train,X2,10,20,forced,1605002,0
CASE_01606,train,X2,10,20,off,1606000,0
CASE_01607,train,X2,10,20,off,1607001,0
CASE_01608,train,X2,10,20,off,1608002,0
CASE_01609,val,X2,10,30,normal,1609000,0
CASE_01610,val,X2,10,30,normal,1610001,0
CASE_01611,val,X2,10,30,normal,1611002,0
CASE_01612,val,X2,10,30,reduced,1612000,0
CASE_01613,val,X2,10,30,reduced,1613001,0
CASE_01614,val,X2,10,30,reduced,1614002,0
CASE_01615,train,X2,10,30,forced,1615000,0
CASE_01616,train,X2,10,30,forced,1616001,0
CASE_01617,train,X2,10,30,forced,1617002,0
CASE_01618,test,X2,10,30,off,1618000,0
CASE_01619,test,X2,10,30,off,1619001,0
CASE_01620,test,X2,10,30,off,1620002,0
CASE_01621,val,X2,15,0,normal,1621000,0
CASE_01622,val,X2,15,0,normal,1622001,0
CASE_01623,val,X2,15,0,normal,1623002,0
CASE_01624,train,X2,15,0,reduced,1624000,0
CASE_01625,train,X2,15,0,reduced,1625001,0
CASE_01626,train,X2,15,0,reduced,1626002,0
CASE_01627,train,X2,15,0,forced,1627000,0
CASE_01628,train,X2,15,0,forced,1628001,0
CASE_01629,train,X2,15,0,forced,1629002,0
CASE_01630,test,X2,15,0,off,1630000,0
CASE_01631,test,X2,15,0,off,1631001,0
CASE_01632,test,X2,15,0,off,1632002,0
CASE_01633,train,X2,15,5,normal,1633000,1
CASE_01634,train,X2,15,5,normal,1634001,1
CASE_01635,train,X2,15,5,normal,1635002,1
CASE_01636,train,X2,15,5,reduced,1636000,1
CASE_01637,train,X2,15,5,reduced,1637001,1
CASE_01638,train,X2,15,5,reduced,1638002,1
CASE_01639,train,X2,15,5,forced,1639000,1
CASE_01640,train,X2,15,5,forced,1640001,1
CASE_01641,train,X2,15,5,forced,1641002,1
CASE_01645,train,X2,15,10,normal,1645000,1
CASE_01642,train,X2,15,5,off,1642000,1
CASE_01646,train,X2,15,10,normal,1646001,1
CASE_01647,train,X2,15,10,normal,1647002,1
CASE_01643,train,X2,15,5,off,1643001,1
CASE_01644,train,X2,15,5,off,1644002,1
CASE_01648,train,X2,15,10,reduced,1648000,1
CASE_01649,train,X2,15,10,reduced,1649001,1
CASE_01650,train,X2,15,10,reduced,1650002,1
CASE_01651,train,X2,15,10,forced,1651000,1
CASE_01652,train,X2,15,10,forced,1652001,1
CASE_01653,train,X2,15,10,forced,1653002,1
CASE_01654,test,X2,15,10,off,1654000,1
CASE_01655,test,X2,15,10,off,1655001,1
CASE_01656,test,X2,15,10,off,1656002,1
CASE_01657,train,X2,15,20,normal,1657000,1
CASE_01658,train,X2,15,20,normal,1658001,1
CASE_01659,train,X2,15,20,normal,1659002,1
CASE_01660,train,X2,15,20,reduced,1660000,1
CASE_01661,train,X2,15,20,reduced,1661001,1
CASE_01662,train,X2,15,20,reduced,1662002,1
CASE_01663,train,X2,15,20,forced,1663000,1
CASE_01664,train,X2,15,20,forced,1664001,1
CASE_01665,train,X2,15,20,forced,1665002,1
CASE_01666,train,X2,15,20,off,1666000,1
CASE_01667,train,X2,15,20,off,1667001,1
CASE_01669,train,X2,15,30,normal,1669000,1
CASE_01668,train,X2,15,20,off,1668002,1
CASE_01670,train,X2,15,30,normal,1670001,1
CASE_01671,train,X2,15,30,normal,1671002,1
CASE_01672,train,X2,15,30,reduced,1672000,1
CASE_01673,train,X2,15,30,reduced,1673001,1
CASE_01674,train,X2,15,30,reduced,1674002,1
CASE_01675,train,X2,15,30,forced,1675000,1
CASE_01676,train,X2,15,30,forced,1676001,1
CASE_01677,train,X2,15,30,forced,1677002,1
CASE_01678,train,X2,15,30,off,1678000,1
CASE_01679,train,X2,15,30,off,1679001,1
CASE_01680,train,X2,15,30,off,1680002,1
CASE_01681,train,X2,20,0,normal,1681000,0
CASE_01682,train,X2,20,0,normal,1682001,0
CASE_01683,train,X2,20,0,normal,1683002,0
CASE_01686,train,X2,20,0,reduced,1686002,0
CASE_01685,train,X2,20,0,reduced,1685001,0
CASE_01684,train,X2,20,0,reduced,1684000,0
CASE_01687,train,X2,20,0,forced,1687000,0
CASE_01688,train,X2,20,0,forced,1688001,0
CASE_01689,train,X2,20,0,forced,1689002,0
CASE_01695,test,X2,20,5,normal,1695002,1
CASE_01693,test,X2,20,5,normal,1693000,1
CASE_01694,test,X2,20,5,normal,1694001,1
CASE_01696,train,X2,20,5,reduced,1696000,1
CASE_01690,train,X2,20,0,off,1690000,0
CASE_01691,train,X2,20,0,off,1691001,0
CASE_01692,train,X2,20,0,off,1692002,0
CASE_01697,train,X2,20,5,reduced,1697001,1
CASE_01698,train,X2,20,5,reduced,1698002,1
CASE_01699,train,X2,20,5,forced,1699000,1
CASE_01700,train,X2,20,5,forced,1700001,1
CASE_01701,train,X2,20,5,forced,1701002,1
CASE_01702,val,X2,20,5,off,1702000,1
CASE_01703,val,X2,20,5,off,1703001,1
CASE_01704,val,X2,20,5,off,1704002,1
CASE_01705,train,X2,20,10,normal,1705000,1
CASE_01706,train,X2,20,10,normal,1706001,1
CASE_01707,train,X2,20,10,normal,1707002,1
CASE_01708,val,X2,20,10,reduced,1708000,1
CASE_01709,val,X2,20,10,reduced,1709001,1
CASE_01710,val,X2,20,10,reduced,1710002,1
CASE_01711,train,X2,20,10,forced,1711000,1
CASE_01712,train,X2,20,10,forced,1712001,1
CASE_01713,train,X2,20,10,forced,1713002,1
CASE_01717,train,X2,20,20,normal,1717000,1
CASE_01714,train,X2,20,10,off,1714000,1
CASE_01718,train,X2,20,20,normal,1718001,1
CASE_01715,train,X2,20,10,off,1715001,1
CASE_01719,train,X2,20,20,normal,1719002,1
CASE_01716,train,X2,20,10,off,1716002,1
CASE_01720,train,X2,20,20,reduced,1720000,1
CASE_01721,train,X2,20,20,reduced,1721001,1
CASE_01722,train,X2,20,20,reduced,1722002,1
CASE_01723,test,X2,20,20,forced,1723000,1
CASE_01724,test,X2,20,20,forced,1724001,1
CASE_01725,test,X2,20,20,forced,1725002,1
CASE_01726,train,X2,20,20,off,1726000,1
CASE_01727,train,X2,20,20,off,1727001,1
CASE_01728,train,X2,20,20,off,1728002,1
CASE_01729,train,X2,20,30,normal,1729000,1
CASE_01731,train,X2,20,30,normal,1731002,1
CASE_01730,train,X2,20,30,normal,1730001,1
CASE_01732,train,X2,20,30,reduced,1732000,1
CASE_01733,train,X2,20,30,reduced,1733001,1
CASE_01734,train,X2,20,30,reduced,1734002,1
CASE_01735,train,X2,20,30,forced,1735000,1
CASE_01736,train,X2,20,30,forced,1736001,1
CASE_01737,train,X2,20,30,forced,1737002,1
CASE_01738,train,X2,20,30,off,1738000,1
CASE_01740,train,X2,20,30,off,1740002,1
CASE_01739,train,X2,20,30,off,1739001,1
CASE_01741,train,X2,25,0,normal,1741000,0
CASE_01742,train,X2,25,0,normal,1742001,0
CASE_01744,val,X2,25,0,reduced,1744000,0
CASE_01743,train,X2,25,0,normal,1743002,0
CASE_01745,val,X2,25,0,reduced,1745001,0
CASE_01746,val,X2,25,0,reduced,1746002,0
CASE_01747,train,X2,25,0,forced,1747000,0
CASE_01748,train,X2,25,0,forced,1748001,0
CASE_01749,train,X2,25,0,forced,1749002,0
CASE_01751,train,X2,25,0,off,1751001,0
CASE_01750,train,X2,25,0,off,1750000,0
CASE_01752,train,X2,25,0,off,1752002,0
CASE_01753,val,X2,25,5,normal,1753000,1
CASE_01754,val,X2,25,5,normal,1754001,1
CASE_01755,val,X2,25,5,normal,1755002,1
CASE_01756,val,X2,25,5,reduced,1756000,1
CASE_01757,val,X2,25,5,reduced,1757001,1
CASE_01758,val,X2,25,5,reduced,1758002,1
CASE_01759,train,X2,25,5,forced,1759000,1
CASE_01760,train,X2,25,5,forced,1760001,1
CASE_01761,train,X2,25,5,forced,1761002,1
CASE_01762,train,X2,25,5,off,1762000,1
CASE_01763,train,X2,25,5,off,1763001,1
CASE_01764,train,X2,25,5,off,1764002,1
CASE_01765,test,X2,25,10,normal,1765000,1
CASE_01766,test,X2,25,10,normal,1766001,1
CASE_01767,test,X2,25,10,normal,1767002,1
CASE_01768,test,X2,25,10,reduced,1768000,1
CASE_01769,test,X2,25,10,reduced,1769001,1
CASE_01770,test,X2,25,10,reduced,1770002,1
CASE_01771,train,X2,25,10,forced,1771000,1
CASE_01772,train,X2,25,10,forced,1772001,1
CASE_01773,train,X2,25,10,forced,1773002,1
CASE_01774,train,X2,25,10,off,1774000,1
CASE_01775,train,X2,25,10,off,1775001,1
CASE_01776,train,X2,25,10,off,1776002,1
CASE_01777,train,X2,25,20,normal,1777000,1
CASE_01778,train,X2,25,20,normal,1778001,1
CASE_01779,train,X2,25,20,normal,1779002,1
CASE_01780,train,X2,25,20,reduced,1780000,1
CASE_01782,train,X2,25,20,reduced,1782002,1
CASE_01781,train,X2,25,20,reduced,1781001,1
CASE_01783,test,X2,25,20,forced,1783000,1
CASE_01784,test,X2,25,20,forced,1784001,1
CASE_01785,test,X2,25,20,forced,1785002,1
CASE_01786,test,X2,25,20,off,1786000,1
CASE_01787,test,X2,25,20,off,1787001,1
CASE_01788,test,X2,25,20,off,1788002,1
CASE_01789,train,X2,25,30,normal,1789000,1
CASE_01790,train,X2,25,30,normal,1790001,1
CASE_01791,train,X2,25,30,normal,1791002,1
CASE_01792,train,X2,25,30,reduced,1792000,1
CASE_01793,train,X2,25,30,reduced,1793001,1
CASE_01794,train,X2,25,30,reduced,1794002,1
CASE_01795,val,X2,25,30,forced,1795000,1
CASE_01796,val,X2,25,30,forced,1796001,1
CASE_01797,val,X2,25,30,forced,1797002,1
CASE_01798,train,X2,25,30,off,1798000,1
CASE_01799,train,X2,25,30,off,1799001,1
CASE_01800,train,X2,25,30,off,1800002,1
CASE_01801,test,X2,30,0,normal,1801000,1
CASE_01802,test,X2,30,0,normal,1802001,1
CASE_01803,test,X2,30,0,normal,1803002,1
CASE_01804,val,X2,30,0,reduced,1804000,1
CASE_01805,val,X2,30,0,reduced,1805001,1
CASE_01806,val,X2,30,0,reduced,1806002,1
CASE_01807,train,X2,30,0,forced,1807000,1
CASE_01808,train,X2,30,0,forced,1808001,1
CASE_01813,train,X2,30,5,normal,1813000,1
CASE_01814,train,X2,30,5,normal,1814001,1
CASE_01815,train,X2,30,5,normal,1815002,1
CASE_01809,train,X2,30,0,forced,1809002,1
CASE_01816,train,X2,30,5,reduced,1816000,1
CASE_01810,train,X2,30,0,off,1810000,1
CASE_01811,train,X2,30,0,off,1811001,1
CASE_01812,train,X2,30,0,off,1812002,1
CASE_01817,train,X2,30,5,reduced,1817001,1
CASE_01818,train,X2,30,5,reduced,1818002,1
CASE_01819,train,X2,30,5,forced,1819000,1
CASE_01820,train,X2,30,5,forced,1820001,1
CASE_01822,train,X2,30,5,off,1822000,1
CASE_01821,train,X2,30,5,forced,1821002,1
CASE_01823,train,X2,30,5,off,1823001,1
CASE_01824,train,X2,30,5,off,1824002,1
CASE_01825,train,X2,30,10,normal,1825000,1
CASE_01826,train,X2,30,10,normal,1826001,1
CASE_01827,train,X2,30,10,normal,1827002,1
CASE_01828,val,X2,30,10,reduced,1828000,1
CASE_01829,val,X2,30,10,reduced,1829001,1
CASE_01830,val,X2,30,10,reduced,1830002,1
CASE_01831,train,X2,30,10,forced,1831000,1
CASE_01832,train,X2,30,10,forced,1832001,1
CASE_01833,train,X2,30,10,forced,1833002,1
CASE_01837,train,X2,30,20,normal,1837000,1
CASE_01834,val,X2,30,10,off,1834000,1
CASE_01835,val,X2,30,10,off,1835001,1
CASE_01838,train,X2,30,20,normal,1838001,1
CASE_01839,train,X2,30,20,normal,1839002,1
CASE_01836,val,X2,30,10,off,1836002,1
CASE_01840,val,X2,30,20,reduced,1840000,1
CASE_01841,val,X2,30,20,reduced,1841001,1
CASE_01842,val,X2,30,20,reduced,1842002,1
CASE_01843,val,X2,30,20,forced,1843000,1
CASE_01844,val,X2,30,20,forced,1844001,1
CASE_01845,val,X2,30,20,forced,1845002,1
CASE_01846,train,X2,30,20,off,1846000,1
CASE_01847,train,X2,30,20,off,1847001,1
CASE_01848,train,X2,30,20,off,1848002,1
CASE_01849,val,X2,30,30,normal,1849000,1
CASE_01850,val,X2,30,30,normal,1850001,1
CASE_01851,val,X2,30,30,normal,1851002,1
CASE_01852,train,X2,30,30,reduced,1852000,1
CASE_01854,train,X2,30,30,reduced,1854002,1
CASE_01853,train,X2,30,30,reduced,1853001,1
CASE_01855,train,X2,30,30,forced,1855000,1
CASE_01856,train,X2,30,30,forced,1856001,1
CASE_01857,train,X2,30,30,forced,1857002,1
CASE_01858,test,X2,30,30,off,1858000,1
CASE_01859,test,X2,30,30,off,1859001,1
CASE_01860,test,X2,30,30,off,1860002,1
CASE_01861,train,X2,35,0,normal,1861000,1
CASE_01862,train,X2,35,0,normal,1862001,1
CASE_01863,train,X2,35,0,normal,1863002,1
CASE_01864,train,X2,35,0,reduced,1864000,1
CASE_01865,train,X2,35,0,reduced,1865001,1
CASE_01866,train,X2,35,0,reduced,1866002,1
CASE_01867,train,X2,35,0,forced,1867000,1
CASE_01868,train,X2,35,0,forced,1868001,1
CASE_01873,test,X2,35,5,normal,1873000,1
CASE_01869,train,X2,35,0,forced,1869002,1
CASE_01874,test,X2,35,5,normal,1874001,1
CASE_01871,train,X2,35,0,off,1871001,1
CASE_01870,train,X2,35,0,off,1870000,1
CASE_01875,test,X2,35,5,normal,1875002,1
CASE_01876,train,X2,35,5,reduced,1876000,1
CASE_01872,train,X2,35,0,off,1872002,1
CASE_01877,train,X2,35,5,reduced,1877001,1
CASE_01878,train,X2,35,5,reduced,1878002,1
CASE_01879,train,X2,35,5,forced,1879000,1
CASE_01880,train,X2,35,5,forced,1880001,1
CASE_01881,train,X2,35,5,forced,1881002,1
CASE_01882,train,X2,35,5,off,1882000,1
CASE_01883,train,X2,35,5,off,1883001,1
CASE_01884,train,X2,35,5,off,1884002,1
CASE_01885,train,X2,35,10,normal,1885000,1
CASE_01886,train,X2,35,10,normal,1886001,1
CASE_01887,train,X2,35,10,normal,1887002,1
CASE_01888,test,X2,35,10,reduced,1888000,1
CASE_01889,test,X2,35,10,reduced,1889001,1
CASE_01890,test,X2,35,10,reduced,1890002,1
CASE_01891,train,X2,35,10,forced,1891000,1
CASE_01892,train,X2,35,10,forced,1892001,1
CASE_01893,train,X2,35,10,forced,1893002,1
CASE_01897,test,X2,35,20,normal,1897000,1
CASE_01899,test,X2,35,20,normal,1899002,1
CASE_01898,test,X2,35,20,normal,1898001,1
CASE_01894,val,X2,35,10,off,1894000,1
CASE_01895,val,X2,35,10,off,1895001,1
CASE_01896,val,X2,35,10,off,1896002,1
CASE_01900,train,X2,35,20,reduced,1900000,1
CASE_01901,train,X2,35,20,reduced,1901001,1
CASE_01902,train,X2,35,20,reduced,1902002,1
CASE_01904,val,X2,35,20,forced,1904001,1
CASE_01903,val,X2,35,20,forced,1903000,1
CASE_01905,val,X2,35,20,forced,1905002,1
CASE_01906,train,X2,35,20,off,1906000,1
CASE_01907,train,X2,35,20,off,1907001,1
CASE_01908,train,X2,35,20,off,1908002,1
CASE_01909,train,X2,35,30,normal,1909000,1
CASE_01911,train,X2,35,30,normal,1911002,1
CASE_01910,train,X2,35,30,normal,1910001,1
CASE_01912,train,X2,35,30,reduced,1912000,1
CASE_01913,train,X2,35,30,reduced,1913001,1
CASE_01914,train,X2,35,30,reduced,1914002,1
CASE_01915,train,X2,35,30,forced,1915000,1
CASE_01916,train,X2,35,30,forced,1916001,1
CASE_01917,train,X2,35,30,forced,1917002,1
CASE_01918,train,X2,35,30,off,1918000,1
CASE_01920,train,X2,35,30,off,1920002,1
CASE_01919,train,X2,35,30,off,1919001,1

